country,iso3,seat,dimension,contribution_status,reason,failure_reason,confidence,evidence_count,recommendation
Austria,AUT,cultural_anthropologist,D1,CONTRIBUTED,Evidence-backed recommendation provided.,,0.7,3,47.0
Austria,AUT,cultural_anthropologist,D2,CONTRIBUTED,Evidence-backed recommendation provided.,,0.6,2,40.0
Austria,AUT,cultural_anthropologist,D3,CONTRIBUTED,Evidence-backed recommendation provided.,,0.8,2,83.0
Austria,AUT,cultural_anthropologist,D4,CONTRIBUTED,Evidence-backed recommendation provided.,,0.7,2,55.0
Austria,AUT,institutional_analyst,D1,CONTRIBUTED,Evidence-backed recommendation provided.,,0.82,8,72.0
Austria,AUT,institutional_analyst,D2,CONTRIBUTED,Evidence-backed recommendation provided.,,0.72,7,42.0
Austria,AUT,institutional_analyst,D3,CONTRIBUTED,Evidence-backed recommendation provided.,,0.83,7,72.0
Austria,AUT,institutional_analyst,D4,CONTRIBUTED,Evidence-backed recommendation provided.,,0.78,8,68.0
Austria,AUT,historical_analyst,D1,CONTRIBUTED,Evidence-backed recommendation provided.,,0.8,5,75.0
Austria,AUT,historical_analyst,D2,CONTRIBUTED,Evidence-backed recommendation provided.,,0.75,4,45.0
Austria,AUT,historical_analyst,D3,CONTRIBUTED,Evidence-backed recommendation provided.,,0.8,4,75.0
Austria,AUT,historical_analyst,D4,CONTRIBUTED,Evidence-backed recommendation provided.,,0.75,4,45.0
Morocco,MAR,cultural_anthropologist,D1,CONTRIBUTED,Evidence-backed recommendation provided.,,0.85,3,20.0
Morocco,MAR,cultural_anthropologist,D2,CONTRIBUTED,Evidence-backed recommendation provided.,,0.7,2,40.0
Morocco,MAR,cultural_anthropologist,D3,CONTRIBUTED,Evidence-backed recommendation provided.,,0.75,2,60.0
Morocco,MAR,cultural_anthropologist,D4,CONTRIBUTED,Evidence-backed recommendation provided.,,0.65,2,35.0
Morocco,MAR,institutional_analyst,D1,CONTRIBUTED,Evidence-backed recommendation provided.,,0.88,11,18.0
Morocco,MAR,institutional_analyst,D2,CONTRIBUTED,Evidence-backed recommendation provided.,,0.78,7,38.0
Morocco,MAR,institutional_analyst,D3,CONTRIBUTED,Evidence-backed recommendation provided.,,0.72,7,62.0
Morocco,MAR,institutional_analyst,D4,CONTRIBUTED,Evidence-backed recommendation provided.,,0.73,6,50.0
Morocco,MAR,historical_analyst,D1,CONTRIBUTED,Evidence-backed recommendation provided.,,0.85,5,40.0
Morocco,MAR,historical_analyst,D2,CONTRIBUTED,Evidence-backed recommendation provided.,,0.8,5,35.0
Morocco,MAR,historical_analyst,D3,CONTRIBUTED,Evidence-backed recommendation provided.,,0.8,5,70.0
Morocco,MAR,historical_analyst,D4,CONTRIBUTED,Evidence-backed recommendation provided.,,0.8,5,60.0
Malaysia,MYS,cultural_anthropologist,D1,CONTRIBUTED,Evidence-backed recommendation provided.,,0.85,3,20.0
Malaysia,MYS,cultural_anthropologist,D2,CONTRIBUTED,Evidence-backed recommendation provided.,,0.75,3,40.0
Malaysia,MYS,cultural_anthropologist,D3,CONTRIBUTED,Evidence-backed recommendation provided.,,0.6,1,60.0
Malaysia,MYS,cultural_anthropologist,D4,ABSTAINED,Insufficient ethnographic evidence on achievement-orientation versus harmony values in lived Malaysian culture.,ABSTAINED_INSUFFICIENT_EVIDENCE,0.0,0,
Malaysia,MYS,institutional_analyst,D1,CONTRIBUTED,Evidence-backed recommendation provided.,,0.88,11,18.0
Malaysia,MYS,institutional_analyst,D2,CONTRIBUTED,Evidence-backed recommendation provided.,,0.78,9,30.0
Malaysia,MYS,institutional_analyst,D3,CONTRIBUTED,Evidence-backed recommendation provided.,,0.8,9,40.0
Malaysia,MYS,institutional_analyst,D4,CONTRIBUTED,Evidence-backed recommendation provided.,,0.74,8,42.0
Malaysia,MYS,historical_analyst,D1,CONTRIBUTED,Evidence-backed recommendation provided.,,0.85,4,20.0
Malaysia,MYS,historical_analyst,D2,CONTRIBUTED,Evidence-backed recommendation provided.,,0.8,5,45.0
Malaysia,MYS,historical_analyst,D3,CONTRIBUTED,Evidence-backed recommendation provided.,,0.75,6,50.0
Malaysia,MYS,historical_analyst,D4,CONTRIBUTED,Evidence-backed recommendation provided.,,0.8,5,60.0
Poland,POL,cultural_anthropologist,D1,CONTRIBUTED,Evidence-backed recommendation provided.,,0.8,3,55.0
Poland,POL,cultural_anthropologist,D2,CONTRIBUTED,Evidence-backed recommendation provided.,,0.75,3,65.0
Poland,POL,cultural_anthropologist,D3,ABSTAINED,"No specific ethnographic evidence on rule‑orientation, orderliness, or certainty was found; score abstained would apply but given lack of evidence, set to null.",ABSTAINED_INSUFFICIENT_EVIDENCE,0.0,0,70.0
Poland,POL,cultural_anthropologist,D4,ABSTAINED,No concrete cultural anthropological evidence found regarding achievement‑orientation versus harmony‑orientation in Polish everyday lived practice.,ABSTAINED_INSUFFICIENT_EVIDENCE,0.0,0,
Poland,POL,institutional_analyst,D1,CONTRIBUTED,Evidence-backed recommendation provided.,,0.72,7,55.0
Poland,POL,institutional_analyst,D2,CONTRIBUTED,Evidence-backed recommendation provided.,,0.78,6,28.0
Poland,POL,institutional_analyst,D3,CONTRIBUTED,Evidence-backed recommendation provided.,,0.85,7,88.0
Poland,POL,institutional_analyst,D4,CONTRIBUTED,Evidence-backed recommendation provided.,,0.74,6,65.0
Poland,POL,historical_analyst,D1,CONTRIBUTED,Evidence-backed recommendation provided.,,0.7,4,65.0
Poland,POL,historical_analyst,D2,CONTRIBUTED,Evidence-backed recommendation provided.,,0.6,4,45.0
Poland,POL,historical_analyst,D3,CONTRIBUTED,Evidence-backed recommendation provided.,,0.8,4,76.0
Poland,POL,historical_analyst,D4,CONTRIBUTED,Evidence-backed recommendation provided.,,0.7,4,72.0
Burkina Faso,BFA,cultural_anthropologist,D1,CONTRIBUTED,Evidence-backed recommendation provided.,,0.8,4,20.0
Burkina Faso,BFA,cultural_anthropologist,D2,CONTRIBUTED,Evidence-backed recommendation provided.,,0.6,1,40.0
Burkina Faso,BFA,cultural_anthropologist,D3,CONTRIBUTED,Evidence-backed recommendation provided.,,0.7,2,70.0
Burkina Faso,BFA,cultural_anthropologist,D4,CONTRIBUTED,Evidence-backed recommendation provided.,,0.7,1,30.0
Burkina Faso,BFA,institutional_analyst,D1,CONTRIBUTED,Evidence-backed recommendation provided.,,0.88,11,12.0
Burkina Faso,BFA,institutional_analyst,D2,CONTRIBUTED,Evidence-backed recommendation provided.,,0.75,9,32.0
Burkina Faso,BFA,institutional_analyst,D3,CONTRIBUTED,Evidence-backed recommendation provided.,,0.7,8,48.0
Burkina Faso,BFA,institutional_analyst,D4,CONTRIBUTED,Evidence-backed recommendation provided.,,0.68,7,38.0
Burkina Faso,BFA,historical_analyst,D1,CONTRIBUTED,Evidence-backed recommendation provided.,,0.8,3,20.0
Burkina Faso,BFA,historical_analyst,D2,CONTRIBUTED,Evidence-backed recommendation provided.,,0.7,3,35.0
Burkina Faso,BFA,historical_analyst,D3,CONTRIBUTED,Evidence-backed recommendation provided.,,0.7,3,70.0
Burkina Faso,BFA,historical_analyst,D4,CONTRIBUTED,Evidence-backed recommendation provided.,,0.6,3,30.0
Bosniaherz,BIH,cultural_anthropologist,D1,CONTRIBUTED,Evidence-backed recommendation provided.,,0.8,3,40.0
Bosniaherz,BIH,cultural_anthropologist,D2,CONTRIBUTED,Evidence-backed recommendation provided.,,0.7,2,45.0
Bosniaherz,BIH,cultural_anthropologist,D3,CONTRIBUTED,Evidence-backed recommendation provided.,,0.9,2,70.0
Bosniaherz,BIH,cultural_anthropologist,D4,CONTRIBUTED,Evidence-backed recommendation provided.,,0.6,2,55.0
Bosniaherz,BIH,institutional_analyst,D1,CONTRIBUTED,Evidence-backed recommendation provided.,,0.82,12,28.0
Bosniaherz,BIH,institutional_analyst,D2,CONTRIBUTED,Evidence-backed recommendation provided.,,0.72,10,62.0
Bosniaherz,BIH,institutional_analyst,D3,CONTRIBUTED,Evidence-backed recommendation provided.,,0.74,9,68.0
Bosniaherz,BIH,institutional_analyst,D4,CONTRIBUTED,Evidence-backed recommendation provided.,,0.68,6,38.0
Bosniaherz,BIH,historical_analyst,D1,CONTRIBUTED,Evidence-backed recommendation provided.,,0.85,2,30.0
Bosniaherz,BIH,historical_analyst,D2,CONTRIBUTED,Evidence-backed recommendation provided.,,0.7,3,55.0
Bosniaherz,BIH,historical_analyst,D3,CONTRIBUTED,Evidence-backed recommendation provided.,,0.75,3,45.0
Bosniaherz,BIH,historical_analyst,D4,CONTRIBUTED,Evidence-backed recommendation provided.,,0.7,3,40.0
Bhutan,BTN,cultural_anthropologist,D1,CONTRIBUTED,Evidence-backed recommendation provided.,,0.6,3,25.0
Bhutan,BTN,cultural_anthropologist,D2,CONTRIBUTED,Evidence-backed recommendation provided.,,0.5,2,35.0
Bhutan,BTN,cultural_anthropologist,D3,CONTRIBUTED,Evidence-backed recommendation provided.,,0.7,2,70.0
Bhutan,BTN,cultural_anthropologist,D4,CONTRIBUTED,Evidence-backed recommendation provided.,,0.55,3,40.0
Bhutan,BTN,institutional_analyst,D1,CONTRIBUTED,Evidence-backed recommendation provided.,,0.72,9,33.0
Bhutan,BTN,institutional_analyst,D2,CONTRIBUTED,Evidence-backed recommendation provided.,,0.78,9,22.0
Bhutan,BTN,institutional_analyst,D3,CONTRIBUTED,Evidence-backed recommendation provided.,,0.67,10,68.0
Bhutan,BTN,institutional_analyst,D4,CONTRIBUTED,Evidence-backed recommendation provided.,,0.8,8,22.0
Bhutan,BTN,historical_analyst,D1,CONTRIBUTED,Evidence-backed recommendation provided.,,0.8,3,82.0
Bhutan,BTN,historical_analyst,D2,CONTRIBUTED,Evidence-backed recommendation provided.,,0.9,3,30.0
Bhutan,BTN,historical_analyst,D3,CONTRIBUTED,Evidence-backed recommendation provided.,,0.85,3,25.0
Bhutan,BTN,historical_analyst,D4,CONTRIBUTED,Evidence-backed recommendation provided.,,0.9,3,35.0
Dominican Republic,DOM,cultural_anthropologist,D1,CONTRIBUTED,Evidence-backed recommendation provided.,,0.7,3,30.0
Dominican Republic,DOM,cultural_anthropologist,D2,ABSTAINED,No clear ethnographic evidence found yet on structural emotional freedom vs suppression; further ethnographies needed.,ABSTAINED_INSUFFICIENT_EVIDENCE,0.0,0,
Dominican Republic,DOM,cultural_anthropologist,D3,ABSTAINED,"No concrete evidence on cultural‑psychological need for certainty, rules, or ambiguity discomfort available from these sources. Further anthropological detail required.",ABSTAINED_INSUFFICIENT_EVIDENCE,0.0,0,
Dominican Republic,DOM,cultural_anthropologist,D4,ABSTAINED,No clear ethnographic evidence on achievement‑oriented vs harmony‑oriented values emerged. Additional field‑level studies needed.,ABSTAINED_INSUFFICIENT_EVIDENCE,0.0,0,
Dominican Republic,DOM,institutional_analyst,D1,CONTRIBUTED,Evidence-backed recommendation provided.,,0.85,10,28.0
Dominican Republic,DOM,institutional_analyst,D2,CONTRIBUTED,Evidence-backed recommendation provided.,,0.75,8,76.0
Dominican Republic,DOM,institutional_analyst,D3,CONTRIBUTED,Evidence-backed recommendation provided.,,0.78,6,42.0
Dominican Republic,DOM,institutional_analyst,D4,CONTRIBUTED,Evidence-backed recommendation provided.,,0.8,8,68.0
Dominican Republic,DOM,historical_analyst,D1,CONTRIBUTED,Evidence-backed recommendation provided.,,0.9,4,32.0
Dominican Republic,DOM,historical_analyst,D2,CONTRIBUTED,Evidence-backed recommendation provided.,,0.85,3,68.0
Dominican Republic,DOM,historical_analyst,D3,CONTRIBUTED,Evidence-backed recommendation provided.,,0.85,4,35.0
Dominican Republic,DOM,historical_analyst,D4,CONTRIBUTED,Evidence-backed recommendation provided.,,0.8,4,42.0
Fiji,FJI,cultural_anthropologist,D1,CONTRIBUTED,Evidence-backed recommendation provided.,,0.8,3,20.0
Fiji,FJI,cultural_anthropologist,D2,CONTRIBUTED,Evidence-backed recommendation provided.,,0.7,2,40.0
Fiji,FJI,cultural_anthropologist,D3,CONTRIBUTED,Evidence-backed recommendation provided.,,0.9,2,70.0
Fiji,FJI,cultural_anthropologist,D4,CONTRIBUTED,Evidence-backed recommendation provided.,,0.75,3,45.0
Fiji,FJI,institutional_analyst,D1,CONTRIBUTED,Evidence-backed recommendation provided.,,0.82,13,12.0
Fiji,FJI,institutional_analyst,D2,CONTRIBUTED,Evidence-backed recommendation provided.,,0.71,9,28.0
Fiji,FJI,institutional_analyst,D3,CONTRIBUTED,Evidence-backed recommendation provided.,,0.74,8,30.0
Fiji,FJI,institutional_analyst,D4,CONTRIBUTED,Evidence-backed recommendation provided.,,0.75,8,20.0
Fiji,FJI,historical_analyst,D1,CONTRIBUTED,Evidence-backed recommendation provided.,,0.75,4,42.0
Fiji,FJI,historical_analyst,D2,CONTRIBUTED,Evidence-backed recommendation provided.,,0.7,3,45.0
Fiji,FJI,historical_analyst,D3,CONTRIBUTED,Evidence-backed recommendation provided.,,0.7,3,65.0
Fiji,FJI,historical_analyst,D4,CONTRIBUTED,Evidence-backed recommendation provided.,,0.7,3,55.0
Georgia,GEO,cultural_anthropologist,D1,CONTRIBUTED,Evidence-backed recommendation provided.,,0.3,1,60.0
Georgia,GEO,cultural_anthropologist,D2,ABSTAINED,Abstained: no citable evidence for this dimension.,ABSTAINED_INSUFFICIENT_EVIDENCE,0.0,0,
Georgia,GEO,cultural_anthropologist,D3,ABSTAINED,Abstained: no citable evidence for this dimension.,ABSTAINED_INSUFFICIENT_EVIDENCE,0.0,0,
Georgia,GEO,cultural_anthropologist,D4,ABSTAINED,Abstained: no citable evidence for this dimension.,ABSTAINED_INSUFFICIENT_EVIDENCE,0.0,0,
Georgia,GEO,institutional_analyst,D1,CONTRIBUTED,Evidence-backed recommendation provided.,,0.78,9,22.0
Georgia,GEO,institutional_analyst,D2,CONTRIBUTED,Evidence-backed recommendation provided.,,0.74,8,74.0
Georgia,GEO,institutional_analyst,D3,CONTRIBUTED,Evidence-backed recommendation provided.,,0.65,7,62.0
Georgia,GEO,institutional_analyst,D4,CONTRIBUTED,Evidence-backed recommendation provided.,,0.62,5,40.0
Georgia,GEO,historical_analyst,D1,CONTRIBUTED,Evidence-backed recommendation provided.,,0.85,4,70.0
Georgia,GEO,historical_analyst,D2,CONTRIBUTED,Evidence-backed recommendation provided.,,0.8,4,35.0
Georgia,GEO,historical_analyst,D3,CONTRIBUTED,Evidence-backed recommendation provided.,,0.85,4,20.0
Georgia,GEO,historical_analyst,D4,CONTRIBUTED,Evidence-backed recommendation provided.,,0.8,4,55.0
Honduras,HND,cultural_anthropologist,D1,CONTRIBUTED,Evidence-backed recommendation provided.,,0.8,2,20.0
Honduras,HND,cultural_anthropologist,D2,ABSTAINED,No clear ethnographic or lived‑experience evidence on emotional openness vs suppression could be found to ground D2 scoring.,ABSTAINED_INSUFFICIENT_EVIDENCE,0.2,0,
Honduras,HND,cultural_anthropologist,D3,CONTRIBUTED,Evidence-backed recommendation provided.,,0.7,1,50.0
Honduras,HND,cultural_anthropologist,D4,CONTRIBUTED,Evidence-backed recommendation provided.,,0.7,1,40.0
Honduras,HND,institutional_analyst,D1,CONTRIBUTED,Evidence-backed recommendation provided.,,0.82,9,12.0
Honduras,HND,institutional_analyst,D2,CONTRIBUTED,Evidence-backed recommendation provided.,,0.65,7,63.0
Honduras,HND,institutional_analyst,D3,CONTRIBUTED,Evidence-backed recommendation provided.,,0.62,6,45.0
Honduras,HND,institutional_analyst,D4,CONTRIBUTED,Evidence-backed recommendation provided.,,0.6,6,42.0
Honduras,HND,historical_analyst,D1,CONTRIBUTED,Evidence-backed recommendation provided.,,0.75,4,30.0
Honduras,HND,historical_analyst,D2,CONTRIBUTED,Evidence-backed recommendation provided.,,0.65,3,55.0
Honduras,HND,historical_analyst,D3,CONTRIBUTED,Evidence-backed recommendation provided.,,0.7,4,35.0
Honduras,HND,historical_analyst,D4,CONTRIBUTED,Evidence-backed recommendation provided.,,0.7,4,25.0
Kazakhstan,KAZ,cultural_anthropologist,D1,CONTRIBUTED,Evidence-backed recommendation provided.,,0.7,5,40.0
Kazakhstan,KAZ,cultural_anthropologist,D2,ABSTAINED,Insufficient ethnographic evidence on emotional expression freedom or suppression in daily life.,ABSTAINED_INSUFFICIENT_EVIDENCE,0.3,0,
Kazakhstan,KAZ,cultural_anthropologist,D3,ABSTAINED,"Lack of ethnographic detail about rule-following, orderliness, or tolerance for ambiguity in everyday life to ground structure.",ABSTAINED_INSUFFICIENT_EVIDENCE,0.3,0,
Kazakhstan,KAZ,cultural_anthropologist,D4,ABSTAINED,No concrete anthropological evidence located on achievement orientation vs. harmony/quality-of-life dynamic.,ABSTAINED_INSUFFICIENT_EVIDENCE,0.3,0,
Kazakhstan,KAZ,institutional_analyst,D1,CONTRIBUTED,Evidence-backed recommendation provided.,,0.87,11,18.0
Kazakhstan,KAZ,institutional_analyst,D2,CONTRIBUTED,Evidence-backed recommendation provided.,,0.78,8,30.0
Kazakhstan,KAZ,institutional_analyst,D3,CONTRIBUTED,Evidence-backed recommendation provided.,,0.74,8,72.0
Kazakhstan,KAZ,institutional_analyst,D4,CONTRIBUTED,Evidence-backed recommendation provided.,,0.63,7,45.0
Kazakhstan,KAZ,historical_analyst,D1,CONTRIBUTED,Evidence-backed recommendation provided.,,0.75,4,70.0
Kazakhstan,KAZ,historical_analyst,D2,CONTRIBUTED,Evidence-backed recommendation provided.,,0.7,3,35.0
Kazakhstan,KAZ,historical_analyst,D3,CONTRIBUTED,Evidence-backed recommendation provided.,,0.65,3,50.0
Kazakhstan,KAZ,historical_analyst,D4,CONTRIBUTED,Evidence-backed recommendation provided.,,0.7,3,65.0
Kenya,KEN,cultural_anthropologist,D1,CONTRIBUTED,Evidence-backed recommendation provided.,,0.8,5,30.0
Kenya,KEN,cultural_anthropologist,D2,CONTRIBUTED,Evidence-backed recommendation provided.,,0.7,4,40.0
Kenya,KEN,cultural_anthropologist,D3,CONTRIBUTED,Evidence-backed recommendation provided.,,0.75,3,60.0
Kenya,KEN,cultural_anthropologist,D4,CONTRIBUTED,Evidence-backed recommendation provided.,,0.7,3,55.0
Kenya,KEN,institutional_analyst,D1,CONTRIBUTED,Evidence-backed recommendation provided.,,0.82,10,18.0
Kenya,KEN,institutional_analyst,D2,CONTRIBUTED,Evidence-backed recommendation provided.,,0.74,7,32.0
Kenya,KEN,institutional_analyst,D3,CONTRIBUTED,Evidence-backed recommendation provided.,,0.62,6,52.0
Kenya,KEN,institutional_analyst,D4,CONTRIBUTED,Evidence-backed recommendation provided.,,0.75,6,68.0
Kenya,KEN,historical_analyst,D1,CONTRIBUTED,Evidence-backed recommendation provided.,,0.85,5,25.0
Kenya,KEN,historical_analyst,D2,CONTRIBUTED,Evidence-backed recommendation provided.,,0.7,4,65.0
Kenya,KEN,historical_analyst,D3,CONTRIBUTED,Evidence-backed recommendation provided.,,0.75,4,45.0
Kenya,KEN,historical_analyst,D4,CONTRIBUTED,Evidence-backed recommendation provided.,,0.8,4,70.0
Luxembourg,LUX,cultural_anthropologist,D1,CONTRIBUTED,Evidence-backed recommendation provided.,,0.85,2,30.0
Luxembourg,LUX,cultural_anthropologist,D2,ABSTAINED,No strong ethnographic evidence on emotional expressiveness vs hierarchical suppression; sources on multicultural conviviality do not address openness of emotional expression.,ABSTAINED_INSUFFICIENT_EVIDENCE,0.0,0,
Luxembourg,LUX,cultural_anthropologist,D3,CONTRIBUTED,Evidence-backed recommendation provided.,,0.8,1,65.0
Luxembourg,LUX,cultural_anthropologist,D4,ABSTAINED,"Hofstede’s Masculinity score for Lux.Nat. is medium (54), so achievement‑orientation is neither strongly prized nor strongly de‑emphasized; ethnographic sources do not provide clear lived‑practice evidence on striving vs acceptance. Therefore default to midpoint (50).",ABSTAINED_INSUFFICIENT_EVIDENCE,0.6,0,50.0
Luxembourg,LUX,institutional_analyst,D1,CONTRIBUTED,Evidence-backed recommendation provided.,,0.65,8,58.0
Luxembourg,LUX,institutional_analyst,D2,CONTRIBUTED,Evidence-backed recommendation provided.,,0.75,8,28.0
Luxembourg,LUX,institutional_analyst,D3,CONTRIBUTED,Evidence-backed recommendation provided.,,0.68,8,70.0
Luxembourg,LUX,institutional_analyst,D4,CONTRIBUTED,Evidence-backed recommendation provided.,,0.72,8,42.0
Luxembourg,LUX,historical_analyst,D1,CONTRIBUTED,Evidence-backed recommendation provided.,,0.7,4,60.0
Luxembourg,LUX,historical_analyst,D2,CONTRIBUTED,Evidence-backed recommendation provided.,,0.7,4,45.0
Luxembourg,LUX,historical_analyst,D3,CONTRIBUTED,Evidence-backed recommendation provided.,,0.8,4,75.0
Luxembourg,LUX,historical_analyst,D4,CONTRIBUTED,Evidence-backed recommendation provided.,,0.7,4,70.0
Malawi,MWI,cultural_anthropologist,D1,CONTRIBUTED,Evidence-backed recommendation provided.,,0.6,4,40.0
Malawi,MWI,cultural_anthropologist,D2,ABSTAINED,No clear ethnographic evidence was found on whether Malawi is openly expressive or emotionally restrained in structural sense. Pausing judgment until data emerges.,ABSTAINED_INSUFFICIENT_EVIDENCE,0.0,0,
Malawi,MWI,cultural_anthropologist,D3,CONTRIBUTED,Evidence-backed recommendation provided.,,0.5,2,60.0
Malawi,MWI,cultural_anthropologist,D4,ABSTAINED,Insufficient ethnographic information regarding whether Malawian culture prizes achievement/competition (Striving) versus harmony/quality of life (Accepting). No grounded claims found.,ABSTAINED_INSUFFICIENT_EVIDENCE,0.0,0,
Malawi,MWI,institutional_analyst,D1,CONTRIBUTED,Evidence-backed recommendation provided.,,0.8,10,18.0
Malawi,MWI,institutional_analyst,D2,CONTRIBUTED,Evidence-backed recommendation provided.,,0.65,8,42.0
Malawi,MWI,institutional_analyst,D3,CONTRIBUTED,Evidence-backed recommendation provided.,,0.62,8,40.0
Malawi,MWI,institutional_analyst,D4,CONTRIBUTED,Evidence-backed recommendation provided.,,0.63,6,30.0
Malawi,MWI,historical_analyst,D1,CONTRIBUTED,Evidence-backed recommendation provided.,,0.85,7,28.0
Malawi,MWI,historical_analyst,D2,CONTRIBUTED,Evidence-backed recommendation provided.,,0.7,7,45.0
Malawi,MWI,historical_analyst,D3,CONTRIBUTED,Evidence-backed recommendation provided.,,0.65,7,52.0
Malawi,MWI,historical_analyst,D4,CONTRIBUTED,Evidence-backed recommendation provided.,,0.7,7,63.0
Oman,OMN,cultural_anthropologist,D1,CONTRIBUTED,Evidence-backed recommendation provided.,,0.7,3,25.0
Oman,OMN,cultural_anthropologist,D2,ABSTAINED,No clear ethnographic evidence found on freedom of emotional expression versus suppression in Oman’s everyday social life to assess openness versus restraint.,ABSTAINED_INSUFFICIENT_EVIDENCE,0.0,0,
Oman,OMN,cultural_anthropologist,D3,CONTRIBUTED,Evidence-backed recommendation provided.,,0.6,1,70.0
Oman,OMN,cultural_anthropologist,D4,ABSTAINED,"No direct evidence was located regarding achievement‑orientation, competition, performance versus harmony‑relationship orientation in Oman’s lived culture that aligns with Drive dimension.",ABSTAINED_INSUFFICIENT_EVIDENCE,0.0,0,
Oman,OMN,institutional_analyst,D1,CONTRIBUTED,Evidence-backed recommendation provided.,,0.82,10,18.0
Oman,OMN,institutional_analyst,D2,CONTRIBUTED,Evidence-backed recommendation provided.,,0.8,9,22.0
Oman,OMN,institutional_analyst,D3,CONTRIBUTED,Evidence-backed recommendation provided.,,0.78,8,72.0
Oman,OMN,institutional_analyst,D4,CONTRIBUTED,Evidence-backed recommendation provided.,,0.72,8,40.0
Oman,OMN,historical_analyst,D1,CONTRIBUTED,Evidence-backed recommendation provided.,,0.7,3,48.0
Oman,OMN,historical_analyst,D2,CONTRIBUTED,Evidence-backed recommendation provided.,,0.7,3,35.0
Oman,OMN,historical_analyst,D3,CONTRIBUTED,Evidence-backed recommendation provided.,,0.7,3,72.0
Oman,OMN,historical_analyst,D4,CONTRIBUTED,Evidence-backed recommendation provided.,,0.7,3,60.0
Qatar,QAT,cultural_anthropologist,D1,CONTRIBUTED,Evidence-backed recommendation provided.,,0.8,2,20.0
Qatar,QAT,cultural_anthropologist,D2,CONTRIBUTED,Evidence-backed recommendation provided.,,0.7,2,30.0
Qatar,QAT,cultural_anthropologist,D3,CONTRIBUTED,Evidence-backed recommendation provided.,,0.8,2,80.0
Qatar,QAT,cultural_anthropologist,D4,CONTRIBUTED,Evidence-backed recommendation provided.,,0.7,1,60.0
Qatar,QAT,institutional_analyst,D1,CONTRIBUTED,Evidence-backed recommendation provided.,,0.82,11,20.0
Qatar,QAT,institutional_analyst,D2,CONTRIBUTED,Evidence-backed recommendation provided.,,0.76,8,28.0
Qatar,QAT,institutional_analyst,D3,CONTRIBUTED,Evidence-backed recommendation provided.,,0.78,8,72.0
Qatar,QAT,institutional_analyst,D4,CONTRIBUTED,Evidence-backed recommendation provided.,,0.72,7,62.0
Qatar,QAT,historical_analyst,D1,CONTRIBUTED,Evidence-backed recommendation provided.,,0.85,5,25.0
Qatar,QAT,historical_analyst,D2,CONTRIBUTED,Evidence-backed recommendation provided.,,0.8,3,15.0
Qatar,QAT,historical_analyst,D3,CONTRIBUTED,Evidence-backed recommendation provided.,,0.85,4,85.0
Qatar,QAT,historical_analyst,D4,CONTRIBUTED,Evidence-backed recommendation provided.,,0.75,3,70.0
Sierra Leone,SLE,cultural_anthropologist,D1,CONTRIBUTED,Evidence-backed recommendation provided.,,0.75,5,30.0
Sierra Leone,SLE,cultural_anthropologist,D2,ABSTAINED,Abstained: no citable evidence for this dimension.,ABSTAINED_INSUFFICIENT_EVIDENCE,0.0,0,
Sierra Leone,SLE,cultural_anthropologist,D3,ABSTAINED,Abstained: no citable evidence for this dimension.,ABSTAINED_INSUFFICIENT_EVIDENCE,0.0,0,
Sierra Leone,SLE,cultural_anthropologist,D4,ABSTAINED,Abstained: no citable evidence for this dimension.,ABSTAINED_INSUFFICIENT_EVIDENCE,0.0,0,
Sierra Leone,SLE,institutional_analyst,D1,CONTRIBUTED,Evidence-backed recommendation provided.,,0.85,12,16.0
Sierra Leone,SLE,institutional_analyst,D2,CONTRIBUTED,Evidence-backed recommendation provided.,,0.65,8,62.0
Sierra Leone,SLE,institutional_analyst,D3,CONTRIBUTED,Evidence-backed recommendation provided.,,0.62,8,55.0
Sierra Leone,SLE,institutional_analyst,D4,CONTRIBUTED,Evidence-backed recommendation provided.,,0.63,6,38.0
Sierra Leone,SLE,historical_analyst,D1,CONTRIBUTED,Evidence-backed recommendation provided.,,0.9,6,18.0
Sierra Leone,SLE,historical_analyst,D2,CONTRIBUTED,Evidence-backed recommendation provided.,,0.8,6,62.0
Sierra Leone,SLE,historical_analyst,D3,CONTRIBUTED,Evidence-backed recommendation provided.,,0.9,6,28.0
Sierra Leone,SLE,historical_analyst,D4,CONTRIBUTED,Evidence-backed recommendation provided.,,0.8,5,37.0
Tajikistan,TJK,cultural_anthropologist,D1,CONTRIBUTED,Evidence-backed recommendation provided.,,0.7,2,30.0
Tajikistan,TJK,cultural_anthropologist,D2,ABSTAINED,Insufficient ethnographic evidence found addressing emotional expression freedom or hierarchical suppression in Tajik social life to evaluate openness vs. restraint.,ABSTAINED_INSUFFICIENT_EVIDENCE,0.0,0,
Tajikistan,TJK,cultural_anthropologist,D3,ABSTAINED,"No specific sourced evidence located regarding Tajik norms around rule-following, order, punctuality, or ambiguity.",ABSTAINED_INSUFFICIENT_EVIDENCE,0.0,0,
Tajikistan,TJK,cultural_anthropologist,D4,ABSTAINED,Lack of ethnographic data on achievement versus harmony orientation in Tajik everyday life for newcomers prevents scoring.,ABSTAINED_INSUFFICIENT_EVIDENCE,0.0,0,
Tajikistan,TJK,institutional_analyst,D1,CONTRIBUTED,Evidence-backed recommendation provided.,,0.82,10,12.0
Tajikistan,TJK,institutional_analyst,D2,CONTRIBUTED,Evidence-backed recommendation provided.,,0.72,7,32.0
Tajikistan,TJK,institutional_analyst,D3,CONTRIBUTED,Evidence-backed recommendation provided.,,0.75,8,72.0
Tajikistan,TJK,institutional_analyst,D4,CONTRIBUTED,Evidence-backed recommendation provided.,,0.68,6,35.0
Tajikistan,TJK,historical_analyst,D1,CONTRIBUTED,Evidence-backed recommendation provided.,,0.85,4,15.0
Tajikistan,TJK,historical_analyst,D2,CONTRIBUTED,Evidence-backed recommendation provided.,,0.8,3,25.0
Tajikistan,TJK,historical_analyst,D3,CONTRIBUTED,Evidence-backed recommendation provided.,,0.85,4,20.0
Tajikistan,TJK,historical_analyst,D4,CONTRIBUTED,Evidence-backed recommendation provided.,,0.8,3,35.0
Tanzania,TZA,cultural_anthropologist,D1,CONTRIBUTED,Evidence-backed recommendation provided.,,0.8,3,30.0
Tanzania,TZA,cultural_anthropologist,D2,ABSTAINED,No sufficient ethnographic evidence found specifically addressing emotional expression freedom or structural suppression in Tanzanian everyday contexts.,ABSTAINED_INSUFFICIENT_EVIDENCE,0.0,0,
Tanzania,TZA,cultural_anthropologist,D3,ABSTAINED,"No direct ethnographic material located on Tanzanian norms of order, rule-following, punctuality, or uncertainty avoidance in everyday lived practice contexts.",ABSTAINED_INSUFFICIENT_EVIDENCE,0.0,0,
Tanzania,TZA,cultural_anthropologist,D4,ABSTAINED,No clear evidence found on cultural orientation toward achievement versus harmony in ethnographic detail for Tanzania outside institutional or policy contexts.,ABSTAINED_INSUFFICIENT_EVIDENCE,0.0,0,
Tanzania,TZA,institutional_analyst,D1,CONTRIBUTED,Evidence-backed recommendation provided.,,0.82,10,15.0
Tanzania,TZA,institutional_analyst,D2,CONTRIBUTED,Evidence-backed recommendation provided.,,0.74,7,28.0
Tanzania,TZA,institutional_analyst,D3,CONTRIBUTED,Evidence-backed recommendation provided.,,0.7,7,32.0
Tanzania,TZA,institutional_analyst,D4,CONTRIBUTED,Evidence-backed recommendation provided.,,0.68,7,25.0
Tanzania,TZA,historical_analyst,D1,CONTRIBUTED,Evidence-backed recommendation provided.,,0.85,4,25.0
Tanzania,TZA,historical_analyst,D2,CONTRIBUTED,Evidence-backed recommendation provided.,,0.8,4,75.0
Tanzania,TZA,historical_analyst,D3,CONTRIBUTED,Evidence-backed recommendation provided.,,0.8,4,35.0
Tanzania,TZA,historical_analyst,D4,CONTRIBUTED,Evidence-backed recommendation provided.,,0.8,4,30.0
Vietnam,VNM,cultural_anthropologist,D1,CONTRIBUTED,Evidence-backed recommendation provided.,,0.75,3,20.0
Vietnam,VNM,cultural_anthropologist,D2,CONTRIBUTED,Evidence-backed recommendation provided.,,0.7,3,30.0
Vietnam,VNM,cultural_anthropologist,D3,CONTRIBUTED,Evidence-backed recommendation provided.,,0.65,2,60.0
Vietnam,VNM,cultural_anthropologist,D4,CONTRIBUTED,Evidence-backed recommendation provided.,,0.6,2,40.0
Vietnam,VNM,institutional_analyst,D1,CONTRIBUTED,Evidence-backed recommendation provided.,,0.88,8,18.0
Vietnam,VNM,institutional_analyst,D2,CONTRIBUTED,Evidence-backed recommendation provided.,,0.82,8,22.0
Vietnam,VNM,institutional_analyst,D3,CONTRIBUTED,Evidence-backed recommendation provided.,,0.8,6,35.0
Vietnam,VNM,institutional_analyst,D4,CONTRIBUTED,Evidence-backed recommendation provided.,,0.77,7,62.0
Vietnam,VNM,historical_analyst,D1,CONTRIBUTED,Evidence-backed recommendation provided.,,0.5,3,75.0
Vietnam,VNM,historical_analyst,D2,CONTRIBUTED,Evidence-backed recommendation provided.,,0.6,2,40.0
Vietnam,VNM,historical_analyst,D3,CONTRIBUTED,Evidence-backed recommendation provided.,,0.7,3,30.0
Vietnam,VNM,historical_analyst,D4,CONTRIBUTED,Evidence-backed recommendation provided.,,0.6,3,60.0
Zambia,ZMB,cultural_anthropologist,D1,CONTRIBUTED,Evidence-backed recommendation provided.,,0.8,3,20.0
Zambia,ZMB,cultural_anthropologist,D2,ABSTAINED,Insufficient ethnographic evidence on emotional expression norms and structural freedom to support scoring for Expression.,ABSTAINED_INSUFFICIENT_EVIDENCE,0.0,0,
Zambia,ZMB,cultural_anthropologist,D3,ABSTAINED,"No direct ethnographic evidence located regarding cultural need for predictability, rule-following, or uncertainty avoidance in Zambia to inform Structure.",ABSTAINED_INSUFFICIENT_EVIDENCE,0.0,0,
Zambia,ZMB,cultural_anthropologist,D4,ABSTAINED,"Insufficient evidence concerning achievement, competition, or harmony preferences reflecting Drive: striving vs accepting.",ABSTAINED_INSUFFICIENT_EVIDENCE,0.0,0,
Zambia,ZMB,institutional_analyst,D1,CONTRIBUTED,Evidence-backed recommendation provided.,,0.82,12,18.0
Zambia,ZMB,institutional_analyst,D2,CONTRIBUTED,Evidence-backed recommendation provided.,,0.7,8,38.0
Zambia,ZMB,institutional_analyst,D3,CONTRIBUTED,Evidence-backed recommendation provided.,,0.6,8,42.0
Zambia,ZMB,institutional_analyst,D4,CONTRIBUTED,Evidence-backed recommendation provided.,,0.63,7,40.0
Zambia,ZMB,historical_analyst,D1,CONTRIBUTED,Evidence-backed recommendation provided.,,0.8,4,30.0
Zambia,ZMB,historical_analyst,D2,CONTRIBUTED,Evidence-backed recommendation provided.,,0.7,3,60.0
Zambia,ZMB,historical_analyst,D3,CONTRIBUTED,Evidence-backed recommendation provided.,,0.8,4,40.0
Zambia,ZMB,historical_analyst,D4,CONTRIBUTED,Evidence-backed recommendation provided.,,0.7,3,45.0
Myanmar (formerly Burma),MMR,cultural_anthropologist,D1,CONTRIBUTED,Evidence-backed recommendation provided.,,0.6,3,55.0
Myanmar (formerly Burma),MMR,cultural_anthropologist,D2,ABSTAINED,"Insufficient ethnographic evidence on emotional openness versus hierarchical suppression of expression. No sources found that directly describe freedom of expression norms, emotional display practices, or hierarchical constraints in everyday Myanmar cultural life. Further field studies needed.",ABSTAINED_INSUFFICIENT_EVIDENCE,0.0,0,
Myanmar (formerly Burma),MMR,cultural_anthropologist,D3,ABSTAINED,"No concrete evidence found on psychological need for certainty, rule-following, or discomfort with ambiguity in everyday life (as distinct from institutional functioning). Ethnographic sources rather focus on ritual ambiguity and shared labor, which do not directly map to structure dimension.",ABSTAINED_INSUFFICIENT_EVIDENCE,0.0,0,
Myanmar (formerly Burma),MMR,cultural_anthropologist,D4,ABSTAINED,"Lack of ethnographic data on achievement-orientation versus harmony or quality of life focus in everyday social life among Myanmar communities. The Hofstede femininity score (MAS low) suggests a preference for quality of life but without strong ethnographic corroboration, score must be abstained.",ABSTAINED_INSUFFICIENT_EVIDENCE,0.0,0,
Myanmar (formerly Burma),MMR,institutional_analyst,D1,CONTRIBUTED,Evidence-backed recommendation provided.,,0.65,9,38.0
Myanmar (formerly Burma),MMR,institutional_analyst,D2,CONTRIBUTED,Evidence-backed recommendation provided.,,0.78,9,22.0
Myanmar (formerly Burma),MMR,institutional_analyst,D3,CONTRIBUTED,Evidence-backed recommendation provided.,,0.62,8,70.0
Myanmar (formerly Burma),MMR,institutional_analyst,D4,CONTRIBUTED,Evidence-backed recommendation provided.,,0.68,7,30.0
Myanmar (formerly Burma),MMR,historical_analyst,D1,CONTRIBUTED,Evidence-backed recommendation provided.,,0.85,4,25.0
Myanmar (formerly Burma),MMR,historical_analyst,D2,CONTRIBUTED,Evidence-backed recommendation provided.,,0.8,4,35.0
Myanmar (formerly Burma),MMR,historical_analyst,D3,CONTRIBUTED,Evidence-backed recommendation provided.,,0.75,5,70.0
Myanmar (formerly Burma),MMR,historical_analyst,D4,CONTRIBUTED,Evidence-backed recommendation provided.,,0.7,4,40.0
Mongolia,MNG,cultural_anthropologist,D1,CONTRIBUTED,Evidence-backed recommendation provided.,,0.8,3,20.0
Mongolia,MNG,cultural_anthropologist,D2,CONTRIBUTED,Evidence-backed recommendation provided.,,0.75,3,65.0
Mongolia,MNG,cultural_anthropologist,D3,CONTRIBUTED,Evidence-backed recommendation provided.,,0.7,2,40.0
Mongolia,MNG,cultural_anthropologist,D4,CONTRIBUTED,Evidence-backed recommendation provided.,,0.7,2,30.0
Mongolia,MNG,institutional_analyst,D1,CONTRIBUTED,Evidence-backed recommendation provided.,,0.62,9,62.0
Mongolia,MNG,institutional_analyst,D2,CONTRIBUTED,Evidence-backed recommendation provided.,,0.55,7,50.0
Mongolia,MNG,institutional_analyst,D3,CONTRIBUTED,Evidence-backed recommendation provided.,,0.7,7,80.0
Mongolia,MNG,institutional_analyst,D4,CONTRIBUTED,Evidence-backed recommendation provided.,,0.78,8,87.0
Mongolia,MNG,historical_analyst,D1,CONTRIBUTED,Evidence-backed recommendation provided.,,0.8,4,29.0
Mongolia,MNG,historical_analyst,D2,CONTRIBUTED,Evidence-backed recommendation provided.,,0.7,3,20.0
Mongolia,MNG,historical_analyst,D3,CONTRIBUTED,Evidence-backed recommendation provided.,,0.6,3,60.0
Mongolia,MNG,historical_analyst,D4,CONTRIBUTED,Evidence-backed recommendation provided.,,0.7,3,45.0
Syria,SYR,cultural_anthropologist,D1,CONTRIBUTED,Evidence-backed recommendation provided.,,0.8,3,20.0
Syria,SYR,cultural_anthropologist,D2,ABSTAINED,No direct ethnographic evidence found regarding the structural freedom of emotional or expressive behaviour in Syria distinguishing Open vs Restrained.,ABSTAINED_INSUFFICIENT_EVIDENCE,0.0,0,
Syria,SYR,cultural_anthropologist,D3,CONTRIBUTED,Evidence-backed recommendation provided.,,0.6,1,50.0
Syria,SYR,cultural_anthropologist,D4,ABSTAINED,"No ethnographic evidence located on Syrians’ cultural orientation toward achievement, competition or harmony to assess Drive.",ABSTAINED_INSUFFICIENT_EVIDENCE,0.0,0,
Syria,SYR,institutional_analyst,D1,CONTRIBUTED,Evidence-backed recommendation provided.,,0.82,11,22.0
Syria,SYR,institutional_analyst,D2,CONTRIBUTED,Evidence-backed recommendation provided.,,0.72,9,62.0
Syria,SYR,institutional_analyst,D3,CONTRIBUTED,Evidence-backed recommendation provided.,,0.7,8,60.0
Syria,SYR,institutional_analyst,D4,CONTRIBUTED,Evidence-backed recommendation provided.,,0.65,8,38.0
Syria,SYR,historical_analyst,D1,CONTRIBUTED,Evidence-backed recommendation provided.,,0.82,3,38.0
Syria,SYR,historical_analyst,D2,CONTRIBUTED,Evidence-backed recommendation provided.,,0.7,3,55.0
Syria,SYR,historical_analyst,D3,CONTRIBUTED,Evidence-backed recommendation provided.,,0.75,3,70.0
Syria,SYR,historical_analyst,D4,CONTRIBUTED,Evidence-backed recommendation provided.,,0.72,3,60.0
Colombia,COL,cultural_anthropologist,D1,CONTRIBUTED,Evidence-backed recommendation provided.,,0.8,2,20.0
Colombia,COL,cultural_anthropologist,D2,CONTRIBUTED,Evidence-backed recommendation provided.,,0.7,2,65.0
Colombia,COL,cultural_anthropologist,D3,CONTRIBUTED,Evidence-backed recommendation provided.,,0.7,1,75.0
Colombia,COL,cultural_anthropologist,D4,CONTRIBUTED,Evidence-backed recommendation provided.,,0.6,1,40.0
Colombia,COL,institutional_analyst,D1,CONTRIBUTED,Evidence-backed recommendation provided.,,0.92,9,14.0
Colombia,COL,institutional_analyst,D2,CONTRIBUTED,Evidence-backed recommendation provided.,,0.82,7,74.0
Colombia,COL,institutional_analyst,D3,CONTRIBUTED,Evidence-backed recommendation provided.,,0.85,8,67.0
Colombia,COL,institutional_analyst,D4,CONTRIBUTED,Evidence-backed recommendation provided.,,0.8,7,65.0
Colombia,COL,historical_analyst,D1,CONTRIBUTED,Evidence-backed recommendation provided.,,0.9,3,30.0
Colombia,COL,historical_analyst,D2,CONTRIBUTED,Evidence-backed recommendation provided.,,0.8,3,65.0
Colombia,COL,historical_analyst,D3,CONTRIBUTED,Evidence-backed recommendation provided.,,0.7,3,35.0
Colombia,COL,historical_analyst,D4,CONTRIBUTED,Evidence-backed recommendation provided.,,0.8,3,60.0
South Korea,KOR,cultural_anthropologist,D1,CONTRIBUTED,Evidence-backed recommendation provided.,,0.9,3,15.0
South Korea,KOR,cultural_anthropologist,D2,CONTRIBUTED,Evidence-backed recommendation provided.,,0.8,3,25.0
South Korea,KOR,cultural_anthropologist,D3,CONTRIBUTED,Evidence-backed recommendation provided.,,0.9,2,85.0
South Korea,KOR,cultural_anthropologist,D4,CONTRIBUTED,Evidence-backed recommendation provided.,,0.7,2,40.0
South Korea,KOR,institutional_analyst,D1,CONTRIBUTED,Evidence-backed recommendation provided.,,0.92,10,12.0
South Korea,KOR,institutional_analyst,D2,CONTRIBUTED,Evidence-backed recommendation provided.,,0.88,9,18.0
South Korea,KOR,institutional_analyst,D3,CONTRIBUTED,Evidence-backed recommendation provided.,,0.91,9,86.0
South Korea,KOR,institutional_analyst,D4,CONTRIBUTED,Evidence-backed recommendation provided.,,0.85,9,84.0
South Korea,KOR,historical_analyst,D1,CONTRIBUTED,Evidence-backed recommendation provided.,,0.9,3,18.0
South Korea,KOR,historical_analyst,D2,CONTRIBUTED,Evidence-backed recommendation provided.,,0.85,3,30.0
South Korea,KOR,historical_analyst,D3,CONTRIBUTED,Evidence-backed recommendation provided.,,0.9,4,85.0
South Korea,KOR,historical_analyst,D4,CONTRIBUTED,Evidence-backed recommendation provided.,,0.8,3,39.0
Turkey,TUR,cultural_anthropologist,D1,CONTRIBUTED,Evidence-backed recommendation provided.,,0.8,2,30.0
Turkey,TUR,cultural_anthropologist,D2,CONTRIBUTED,Evidence-backed recommendation provided.,,0.6,2,50.0
Turkey,TUR,cultural_anthropologist,D3,CONTRIBUTED,Evidence-backed recommendation provided.,,0.7,1,60.0
Turkey,TUR,cultural_anthropologist,D4,ABSTAINED,"Currently, I find no strong ethnographic or quantitative evidence on Turkey’s achievement vs harmony orientation (Drive). Without field-anchored signs of preference, abstaining would be safer, but given moderate Masculinity score (~45) that suggests balanced Drive; thus, a near-midpoint score is proposed cautiously.",ABSTAINED_INSUFFICIENT_EVIDENCE,0.4,0,45.0
Turkey,TUR,institutional_analyst,D1,CONTRIBUTED,Evidence-backed recommendation provided.,,0.88,9,24.0
Turkey,TUR,institutional_analyst,D2,CONTRIBUTED,Evidence-backed recommendation provided.,,0.72,7,56.0
Turkey,TUR,institutional_analyst,D3,CONTRIBUTED,Evidence-backed recommendation provided.,,0.91,7,84.0
Turkey,TUR,institutional_analyst,D4,CONTRIBUTED,Evidence-backed recommendation provided.,,0.76,7,40.0
Turkey,TUR,historical_analyst,D1,CONTRIBUTED,Evidence-backed recommendation provided.,,0.85,4,30.0
Turkey,TUR,historical_analyst,D2,CONTRIBUTED,Evidence-backed recommendation provided.,,0.8,4,35.0
Turkey,TUR,historical_analyst,D3,CONTRIBUTED,Evidence-backed recommendation provided.,,0.85,4,72.0
Turkey,TUR,historical_analyst,D4,CONTRIBUTED,Evidence-backed recommendation provided.,,0.75,4,55.0
Argentina,ARG,cultural_anthropologist,D1,CONTRIBUTED,Evidence-backed recommendation provided.,,0.8,2,55.0
Argentina,ARG,cultural_anthropologist,D2,CONTRIBUTED,Evidence-backed recommendation provided.,,0.85,2,80.0
Argentina,ARG,cultural_anthropologist,D3,CONTRIBUTED,Evidence-backed recommendation provided.,,0.5,1,60.0
Argentina,ARG,cultural_anthropologist,D4,CONTRIBUTED,Evidence-backed recommendation provided.,,0.4,1,50.0
Argentina,ARG,institutional_analyst,D1,CONTRIBUTED,Evidence-backed recommendation provided.,,0.78,9,42.0
Argentina,ARG,institutional_analyst,D2,CONTRIBUTED,Evidence-backed recommendation provided.,,0.75,8,74.0
Argentina,ARG,institutional_analyst,D3,CONTRIBUTED,Evidence-backed recommendation provided.,,0.82,8,72.0
Argentina,ARG,institutional_analyst,D4,CONTRIBUTED,Evidence-backed recommendation provided.,,0.7,6,52.0
Argentina,ARG,historical_analyst,D1,CONTRIBUTED,Evidence-backed recommendation provided.,,0.8,3,59.0
Argentina,ARG,historical_analyst,D2,CONTRIBUTED,Evidence-backed recommendation provided.,,0.8,3,72.0
Argentina,ARG,historical_analyst,D3,CONTRIBUTED,Evidence-backed recommendation provided.,,0.7,3,35.0
Argentina,ARG,historical_analyst,D4,CONTRIBUTED,Evidence-backed recommendation provided.,,0.7,3,45.0
Australia,AUS,cultural_anthropologist,D1,CONTRIBUTED,Evidence-backed recommendation provided.,,0.9,1,90.0
Australia,AUS,cultural_anthropologist,D2,ABSTAINED,No ethnographic evidence yet found on emotional openness vs suppression in everyday lived practice for Australia (Expression dimension).,ABSTAINED_INSUFFICIENT_EVIDENCE,0.0,0,
Australia,AUS,cultural_anthropologist,D3,CONTRIBUTED,Evidence-backed recommendation provided.,,0.8,1,40.0
Australia,AUS,cultural_anthropologist,D4,CONTRIBUTED,Evidence-backed recommendation provided.,,0.8,1,60.0
Australia,AUS,institutional_analyst,D1,CONTRIBUTED,Evidence-backed recommendation provided.,,0.92,8,88.0
Australia,AUS,institutional_analyst,D2,CONTRIBUTED,Evidence-backed recommendation provided.,,0.8,7,68.0
Australia,AUS,institutional_analyst,D3,CONTRIBUTED,Evidence-backed recommendation provided.,,0.82,5,48.0
Australia,AUS,institutional_analyst,D4,CONTRIBUTED,Evidence-backed recommendation provided.,,0.78,6,62.0
Australia,AUS,historical_analyst,D1,CONTRIBUTED,Evidence-backed recommendation provided.,,0.85,2,90.0
Australia,AUS,historical_analyst,D2,CONTRIBUTED,Evidence-backed recommendation provided.,,0.75,3,60.0
Australia,AUS,historical_analyst,D3,CONTRIBUTED,Evidence-backed recommendation provided.,,0.7,3,45.0
Australia,AUS,historical_analyst,D4,CONTRIBUTED,Evidence-backed recommendation provided.,,0.75,3,65.0
Bolivia,BOL,cultural_anthropologist,D1,CONTRIBUTED,Evidence-backed recommendation provided.,,0.7,3,30.0
Bolivia,BOL,cultural_anthropologist,D2,ABSTAINED,"Existing ethnographic evidence (on emotional expression, dance humor, spirits) does not clearly indicate structural openness or suppression of emotional expression to categorize D2. Thus, insufficient evidence.",ABSTAINED_INSUFFICIENT_EVIDENCE,0.0,0,
Bolivia,BOL,cultural_anthropologist,D3,ABSTAINED,"No ethnographic evidence located on norms of rulefulness, order, predictability or discomfort with ambiguity to assess Structure. Abstaining.",ABSTAINED_INSUFFICIENT_EVIDENCE,0.0,0,
Bolivia,BOL,cultural_anthropologist,D4,ABSTAINED,No clear evidence regarding orientation toward achievement/competition vs harmony/quality of life. Ethnographic focus on indigeneity and collective identity doesn’t directly address Drive. Abstaining.,ABSTAINED_INSUFFICIENT_EVIDENCE,0.0,0,
Bolivia,BOL,institutional_analyst,D1,CONTRIBUTED,Evidence-backed recommendation provided.,,0.9,9,12.0
Bolivia,BOL,institutional_analyst,D2,CONTRIBUTED,Evidence-backed recommendation provided.,,0.72,6,52.0
Bolivia,BOL,institutional_analyst,D3,CONTRIBUTED,Evidence-backed recommendation provided.,,0.85,7,82.0
Bolivia,BOL,institutional_analyst,D4,CONTRIBUTED,Evidence-backed recommendation provided.,,0.7,5,48.0
Bolivia,BOL,historical_analyst,D1,CONTRIBUTED,Evidence-backed recommendation provided.,,0.8,7,16.0
Bolivia,BOL,historical_analyst,D2,CONTRIBUTED,Evidence-backed recommendation provided.,,0.7,5,55.0
Bolivia,BOL,historical_analyst,D3,CONTRIBUTED,Evidence-backed recommendation provided.,,0.8,5,72.0
Bolivia,BOL,historical_analyst,D4,CONTRIBUTED,Evidence-backed recommendation provided.,,0.75,5,31.0
Brazil,BRA,cultural_anthropologist,D1,CONTRIBUTED,Evidence-backed recommendation provided.,,0.85,3,30.0
Brazil,BRA,cultural_anthropologist,D2,CONTRIBUTED,Evidence-backed recommendation provided.,,0.75,3,55.0
Brazil,BRA,cultural_anthropologist,D3,CONTRIBUTED,Evidence-backed recommendation provided.,,0.8,1,60.0
Brazil,BRA,cultural_anthropologist,D4,CONTRIBUTED,Evidence-backed recommendation provided.,,0.7,1,50.0
Brazil,BRA,institutional_analyst,D1,CONTRIBUTED,Evidence-backed recommendation provided.,,0.88,9,28.0
Brazil,BRA,institutional_analyst,D2,CONTRIBUTED,Evidence-backed recommendation provided.,,0.84,7,78.0
Brazil,BRA,institutional_analyst,D3,CONTRIBUTED,Evidence-backed recommendation provided.,,0.83,8,68.0
Brazil,BRA,institutional_analyst,D4,CONTRIBUTED,Evidence-backed recommendation provided.,,0.8,5,46.0
Brazil,BRA,historical_analyst,D1,CONTRIBUTED,Evidence-backed recommendation provided.,,0.85,3,42.0
Brazil,BRA,historical_analyst,D2,CONTRIBUTED,Evidence-backed recommendation provided.,,0.8,3,72.0
Brazil,BRA,historical_analyst,D3,CONTRIBUTED,Evidence-backed recommendation provided.,,0.8,3,38.0
Brazil,BRA,historical_analyst,D4,CONTRIBUTED,Evidence-backed recommendation provided.,,0.75,3,48.0
Canada,CAN,cultural_anthropologist,D1,CONTRIBUTED,Evidence-backed recommendation provided.,,0.8,3,80.0
Canada,CAN,cultural_anthropologist,D2,ABSTAINED,"No concrete ethnographic or lived‑experience research was located addressing emotional openness, freedom of expression, or hierarchical suppression in Canadian daily life that clearly fits D2.",ABSTAINED_INSUFFICIENT_EVIDENCE,0.0,0,
Canada,CAN,cultural_anthropologist,D3,CONTRIBUTED,Evidence-backed recommendation provided.,,0.6,2,60.0
Canada,CAN,cultural_anthropologist,D4,ABSTAINED,"No direct ethnographic evidence found on achievement‑orientation versus harmony in everyday lived practice, competition culture, or striving/harmony orientation in Canada.",ABSTAINED_INSUFFICIENT_EVIDENCE,0.0,0,
Canada,CAN,institutional_analyst,D1,CONTRIBUTED,Evidence-backed recommendation provided.,,0.88,9,82.0
Canada,CAN,institutional_analyst,D2,CONTRIBUTED,Evidence-backed recommendation provided.,,0.72,8,52.0
Canada,CAN,institutional_analyst,D3,CONTRIBUTED,Evidence-backed recommendation provided.,,0.78,7,44.0
Canada,CAN,institutional_analyst,D4,CONTRIBUTED,Evidence-backed recommendation provided.,,0.74,7,55.0
Canada,CAN,historical_analyst,D1,CONTRIBUTED,Evidence-backed recommendation provided.,,0.9,4,84.0
Canada,CAN,historical_analyst,D2,CONTRIBUTED,Evidence-backed recommendation provided.,,0.8,3,75.0
Canada,CAN,historical_analyst,D3,CONTRIBUTED,Evidence-backed recommendation provided.,,0.8,4,55.0
Canada,CAN,historical_analyst,D4,CONTRIBUTED,Evidence-backed recommendation provided.,,0.85,5,52.0
Switzerland,CHE,cultural_anthropologist,D1,CONTRIBUTED,Evidence-backed recommendation provided.,,0.85,3,70.0
Switzerland,CHE,cultural_anthropologist,D2,CONTRIBUTED,Evidence-backed recommendation provided.,,0.65,2,40.0
Switzerland,CHE,cultural_anthropologist,D3,CONTRIBUTED,Evidence-backed recommendation provided.,,0.6,2,60.0
Switzerland,CHE,cultural_anthropologist,D4,CONTRIBUTED,Evidence-backed recommendation provided.,,0.75,1,55.0
Switzerland,CHE,institutional_analyst,D1,CONTRIBUTED,Evidence-backed recommendation provided.,,0.82,7,72.0
Switzerland,CHE,institutional_analyst,D2,CONTRIBUTED,Evidence-backed recommendation provided.,,0.8,8,26.0
Switzerland,CHE,institutional_analyst,D3,CONTRIBUTED,Evidence-backed recommendation provided.,,0.83,8,75.0
Switzerland,CHE,institutional_analyst,D4,CONTRIBUTED,Evidence-backed recommendation provided.,,0.78,8,66.0
Switzerland,CHE,historical_analyst,D1,CONTRIBUTED,Evidence-backed recommendation provided.,,0.85,5,85.0
Switzerland,CHE,historical_analyst,D2,CONTRIBUTED,Evidence-backed recommendation provided.,,0.8,4,30.0
Switzerland,CHE,historical_analyst,D3,CONTRIBUTED,Evidence-backed recommendation provided.,,0.9,5,90.0
Switzerland,CHE,historical_analyst,D4,CONTRIBUTED,Evidence-backed recommendation provided.,,0.85,5,75.0
Chile,CHL,cultural_anthropologist,D1,CONTRIBUTED,Evidence-backed recommendation provided.,,0.6,3,45.0
Chile,CHL,cultural_anthropologist,D2,CONTRIBUTED,Evidence-backed recommendation provided.,,0.5,2,55.0
Chile,CHL,cultural_anthropologist,D3,CONTRIBUTED,Evidence-backed recommendation provided.,,0.6,2,65.0
Chile,CHL,cultural_anthropologist,D4,CONTRIBUTED,Evidence-backed recommendation provided.,,0.4,1,50.0
Chile,CHL,institutional_analyst,D1,CONTRIBUTED,Evidence-backed recommendation provided.,,0.88,9,18.0
Chile,CHL,institutional_analyst,D2,CONTRIBUTED,Evidence-backed recommendation provided.,,0.75,7,62.0
Chile,CHL,institutional_analyst,D3,CONTRIBUTED,Evidence-backed recommendation provided.,,0.9,7,80.0
Chile,CHL,institutional_analyst,D4,CONTRIBUTED,Evidence-backed recommendation provided.,,0.8,7,32.0
Chile,CHL,historical_analyst,D1,CONTRIBUTED,Evidence-backed recommendation provided.,,0.8,4,23.0
Chile,CHL,historical_analyst,D2,CONTRIBUTED,Evidence-backed recommendation provided.,,0.7,3,35.0
Chile,CHL,historical_analyst,D3,CONTRIBUTED,Evidence-backed recommendation provided.,,0.8,4,75.0
Chile,CHL,historical_analyst,D4,CONTRIBUTED,Evidence-backed recommendation provided.,,0.7,3,45.0
China,CHN,cultural_anthropologist,D1,CONTRIBUTED,Evidence-backed recommendation provided.,,0.8,3,20.0
China,CHN,cultural_anthropologist,D2,CONTRIBUTED,Evidence-backed recommendation provided.,,0.7,1,40.0
China,CHN,cultural_anthropologist,D3,CONTRIBUTED,Evidence-backed recommendation provided.,,0.6,1,70.0
China,CHN,cultural_anthropologist,D4,CONTRIBUTED,Evidence-backed recommendation provided.,,0.6,1,50.0
China,CHN,institutional_analyst,D1,CONTRIBUTED,Evidence-backed recommendation provided.,,0.92,10,12.0
China,CHN,institutional_analyst,D2,CONTRIBUTED,Evidence-backed recommendation provided.,,0.88,6,18.0
China,CHN,institutional_analyst,D3,CONTRIBUTED,Evidence-backed recommendation provided.,,0.75,5,45.0
China,CHN,institutional_analyst,D4,CONTRIBUTED,Evidence-backed recommendation provided.,,0.87,7,82.0
China,CHN,historical_analyst,D1,CONTRIBUTED,Evidence-backed recommendation provided.,,0.7,5,60.0
China,CHN,historical_analyst,D2,CONTRIBUTED,Evidence-backed recommendation provided.,,0.7,4,35.0
China,CHN,historical_analyst,D3,CONTRIBUTED,Evidence-backed recommendation provided.,,0.8,5,80.0
China,CHN,historical_analyst,D4,CONTRIBUTED,Evidence-backed recommendation provided.,,0.8,5,75.0
Costa Rica,CRI,cultural_anthropologist,D1,CONTRIBUTED,Evidence-backed recommendation provided.,,0.85,3,20.0
Costa Rica,CRI,cultural_anthropologist,D2,CONTRIBUTED,Evidence-backed recommendation provided.,,0.75,2,40.0
Costa Rica,CRI,cultural_anthropologist,D3,CONTRIBUTED,Evidence-backed recommendation provided.,,0.85,2,80.0
Costa Rica,CRI,cultural_anthropologist,D4,CONTRIBUTED,Evidence-backed recommendation provided.,,0.8,2,30.0
Costa Rica,CRI,institutional_analyst,D1,CONTRIBUTED,Evidence-backed recommendation provided.,,0.88,8,12.0
Costa Rica,CRI,institutional_analyst,D2,CONTRIBUTED,Evidence-backed recommendation provided.,,0.72,7,60.0
Costa Rica,CRI,institutional_analyst,D3,CONTRIBUTED,Evidence-backed recommendation provided.,,0.85,7,78.0
Costa Rica,CRI,institutional_analyst,D4,CONTRIBUTED,Evidence-backed recommendation provided.,,0.87,6,16.0
Costa Rica,CRI,historical_analyst,D1,CONTRIBUTED,Evidence-backed recommendation provided.,,0.9,4,20.0
Costa Rica,CRI,historical_analyst,D2,CONTRIBUTED,Evidence-backed recommendation provided.,,0.8,4,75.0
Costa Rica,CRI,historical_analyst,D3,CONTRIBUTED,Evidence-backed recommendation provided.,,0.7,4,35.0
Costa Rica,CRI,historical_analyst,D4,CONTRIBUTED,Evidence-backed recommendation provided.,,0.85,4,25.0
Czech Republic,CZE,cultural_anthropologist,D1,CONTRIBUTED,Evidence-backed recommendation provided.,,0.8,2,35.0
Czech Republic,CZE,cultural_anthropologist,D2,CONTRIBUTED,Evidence-backed recommendation provided.,,0.7,2,45.0
Czech Republic,CZE,cultural_anthropologist,D3,CONTRIBUTED,Evidence-backed recommendation provided.,,0.8,2,65.0
Czech Republic,CZE,cultural_anthropologist,D4,CONTRIBUTED,Evidence-backed recommendation provided.,,0.6,2,50.0
Czech Republic,CZE,institutional_analyst,D1,CONTRIBUTED,Evidence-backed recommendation provided.,,0.74,8,68.0
Czech Republic,CZE,institutional_analyst,D2,CONTRIBUTED,Evidence-backed recommendation provided.,,0.78,7,30.0
Czech Republic,CZE,institutional_analyst,D3,CONTRIBUTED,Evidence-backed recommendation provided.,,0.82,7,76.0
Czech Republic,CZE,institutional_analyst,D4,CONTRIBUTED,Evidence-backed recommendation provided.,,0.7,7,60.0
Czech Republic,CZE,historical_analyst,D1,CONTRIBUTED,Evidence-backed recommendation provided.,,0.85,4,80.0
Czech Republic,CZE,historical_analyst,D2,CONTRIBUTED,Evidence-backed recommendation provided.,,0.8,3,35.0
Czech Republic,CZE,historical_analyst,D3,CONTRIBUTED,Evidence-backed recommendation provided.,,0.85,4,70.0
Czech Republic,CZE,historical_analyst,D4,CONTRIBUTED,Evidence-backed recommendation provided.,,0.8,3,45.0
Germany,DEU,cultural_anthropologist,D1,CONTRIBUTED,Evidence-backed recommendation provided.,,0.9,2,80.0
Germany,DEU,cultural_anthropologist,D2,CONTRIBUTED,Evidence-backed recommendation provided.,,0.7,3,40.0
Germany,DEU,cultural_anthropologist,D3,CONTRIBUTED,Evidence-backed recommendation provided.,,0.8,2,90.0
Germany,DEU,cultural_anthropologist,D4,CONTRIBUTED,Evidence-backed recommendation provided.,,0.7,1,70.0
Germany,DEU,institutional_analyst,D1,CONTRIBUTED,Evidence-backed recommendation provided.,,0.82,7,72.0
Germany,DEU,institutional_analyst,D2,CONTRIBUTED,Evidence-backed recommendation provided.,,0.75,6,33.0
Germany,DEU,institutional_analyst,D3,CONTRIBUTED,Evidence-backed recommendation provided.,,0.88,8,82.0
Germany,DEU,institutional_analyst,D4,CONTRIBUTED,Evidence-backed recommendation provided.,,0.8,7,73.0
Germany,DEU,historical_analyst,D1,CONTRIBUTED,Evidence-backed recommendation provided.,,0.85,3,73.0
Germany,DEU,historical_analyst,D2,CONTRIBUTED,Evidence-backed recommendation provided.,,0.8,3,35.0
Germany,DEU,historical_analyst,D3,CONTRIBUTED,Evidence-backed recommendation provided.,,0.9,3,85.0
Germany,DEU,historical_analyst,D4,CONTRIBUTED,Evidence-backed recommendation provided.,,0.8,3,70.0
Denmark,DNK,cultural_anthropologist,D1,CONTRIBUTED,Evidence-backed recommendation provided.,,0.8,3,80.0
Denmark,DNK,cultural_anthropologist,D2,CONTRIBUTED,Evidence-backed recommendation provided.,,0.7,2,60.0
Denmark,DNK,cultural_anthropologist,D3,CONTRIBUTED,Evidence-backed recommendation provided.,,0.7,2,40.0
Denmark,DNK,cultural_anthropologist,D4,CONTRIBUTED,Evidence-backed recommendation provided.,,0.6,1,50.0
Denmark,DNK,institutional_analyst,D1,CONTRIBUTED,Evidence-backed recommendation provided.,,0.85,10,78.0
Denmark,DNK,institutional_analyst,D2,CONTRIBUTED,Evidence-backed recommendation provided.,,0.72,7,38.0
Denmark,DNK,institutional_analyst,D3,CONTRIBUTED,Evidence-backed recommendation provided.,,0.9,6,22.0
Denmark,DNK,institutional_analyst,D4,CONTRIBUTED,Evidence-backed recommendation provided.,,0.87,7,20.0
Denmark,DNK,historical_analyst,D1,CONTRIBUTED,Evidence-backed recommendation provided.,,0.85,3,75.0
Denmark,DNK,historical_analyst,D2,CONTRIBUTED,Evidence-backed recommendation provided.,,0.8,3,30.0
Denmark,DNK,historical_analyst,D3,CONTRIBUTED,Evidence-backed recommendation provided.,,0.8,3,82.0
Denmark,DNK,historical_analyst,D4,CONTRIBUTED,Evidence-backed recommendation provided.,,0.75,3,48.0
Ecuador,ECU,cultural_anthropologist,D1,CONTRIBUTED,Evidence-backed recommendation provided.,,0.75,3,35.0
Ecuador,ECU,cultural_anthropologist,D2,CONTRIBUTED,Evidence-backed recommendation provided.,,0.7,2,55.0
Ecuador,ECU,cultural_anthropologist,D3,CONTRIBUTED,Evidence-backed recommendation provided.,,0.75,3,60.0
Ecuador,ECU,cultural_anthropologist,D4,CONTRIBUTED,Evidence-backed recommendation provided.,,0.7,2,40.0
Ecuador,ECU,institutional_analyst,D1,CONTRIBUTED,Evidence-backed recommendation provided.,,0.92,8,10.0
Ecuador,ECU,institutional_analyst,D2,CONTRIBUTED,Evidence-backed recommendation provided.,,0.73,9,42.0
Ecuador,ECU,institutional_analyst,D3,CONTRIBUTED,Evidence-backed recommendation provided.,,0.77,8,62.0
Ecuador,ECU,institutional_analyst,D4,CONTRIBUTED,Evidence-backed recommendation provided.,,0.68,7,45.0
Ecuador,ECU,historical_analyst,D1,CONTRIBUTED,Evidence-backed recommendation provided.,,0.9,4,28.0
Ecuador,ECU,historical_analyst,D2,CONTRIBUTED,Evidence-backed recommendation provided.,,0.7,4,65.0
Ecuador,ECU,historical_analyst,D3,CONTRIBUTED,Evidence-backed recommendation provided.,,0.8,4,33.0
Ecuador,ECU,historical_analyst,D4,CONTRIBUTED,Evidence-backed recommendation provided.,,0.7,4,45.0
Egypt,EGY,cultural_anthropologist,D1,CONTRIBUTED,Evidence-backed recommendation provided.,,0.8,3,20.0
Egypt,EGY,cultural_anthropologist,D2,CONTRIBUTED,Evidence-backed recommendation provided.,,0.7,2,30.0
Egypt,EGY,cultural_anthropologist,D3,ABSTAINED,"No strong ethnographic evidence retrieved regarding Egyptians’ discomfort with ambiguity, reliance on rules or planning; sources about punctuality and polychronic time reflect social flexibility but not necessarily psychological need for certainty.",ABSTAINED_INSUFFICIENT_EVIDENCE,0.0,0,
Egypt,EGY,cultural_anthropologist,D4,ABSTAINED,No concrete ethnographic or anthropological evidence on achievement-orientation versus harmony—as lived cultural drive—was located to justify a score.,ABSTAINED_INSUFFICIENT_EVIDENCE,0.0,0,
Egypt,EGY,institutional_analyst,D1,CONTRIBUTED,Evidence-backed recommendation provided.,,0.88,9,18.0
Egypt,EGY,institutional_analyst,D2,CONTRIBUTED,Evidence-backed recommendation provided.,,0.72,7,62.0
Egypt,EGY,institutional_analyst,D3,CONTRIBUTED,Evidence-backed recommendation provided.,,0.86,7,78.0
Egypt,EGY,institutional_analyst,D4,CONTRIBUTED,Evidence-backed recommendation provided.,,0.75,6,40.0
Egypt,EGY,historical_analyst,D1,CONTRIBUTED,Evidence-backed recommendation provided.,,0.8,4,62.0
Egypt,EGY,historical_analyst,D2,CONTRIBUTED,Evidence-backed recommendation provided.,,0.85,5,30.0
Egypt,EGY,historical_analyst,D3,CONTRIBUTED,Evidence-backed recommendation provided.,,0.8,5,70.0
Egypt,EGY,historical_analyst,D4,CONTRIBUTED,Evidence-backed recommendation provided.,,0.75,4,70.0
Spain,ESP,cultural_anthropologist,D1,CONTRIBUTED,Evidence-backed recommendation provided.,,0.7,3,55.0
Spain,ESP,cultural_anthropologist,D2,CONTRIBUTED,Evidence-backed recommendation provided.,,0.6,3,65.0
Spain,ESP,cultural_anthropologist,D3,ABSTAINED,"No ethnographic evidence on lived practice of rule-following, punctuality, or ambiguity tolerance (Structure) was found in the sources consulted.",ABSTAINED_INSUFFICIENT_EVIDENCE,0.0,0,
Spain,ESP,cultural_anthropologist,D4,ABSTAINED,No direct ethnographic evidence on achievement orientation vs. harmony orientation (Drive) was located in the sources consulted.,ABSTAINED_INSUFFICIENT_EVIDENCE,0.0,0,
Spain,ESP,institutional_analyst,D1,CONTRIBUTED,Evidence-backed recommendation provided.,,0.72,7,48.0
Spain,ESP,institutional_analyst,D2,CONTRIBUTED,Evidence-backed recommendation provided.,,0.7,6,70.0
Spain,ESP,institutional_analyst,D3,CONTRIBUTED,Evidence-backed recommendation provided.,,0.82,7,80.0
Spain,ESP,institutional_analyst,D4,CONTRIBUTED,Evidence-backed recommendation provided.,,0.78,7,33.0
Spain,ESP,historical_analyst,D1,CONTRIBUTED,Evidence-backed recommendation provided.,,0.75,6,48.0
Spain,ESP,historical_analyst,D2,CONTRIBUTED,Evidence-backed recommendation provided.,,0.7,5,72.0
Spain,ESP,historical_analyst,D3,CONTRIBUTED,Evidence-backed recommendation provided.,,0.6,6,35.0
Spain,ESP,historical_analyst,D4,CONTRIBUTED,Evidence-backed recommendation provided.,,0.65,5,38.0
Ethiopia,ETH,cultural_anthropologist,D1,CONTRIBUTED,Evidence-backed recommendation provided.,,0.8,4,30.0
Ethiopia,ETH,cultural_anthropologist,D2,CONTRIBUTED,Evidence-backed recommendation provided.,,0.6,1,35.0
Ethiopia,ETH,cultural_anthropologist,D3,CONTRIBUTED,Evidence-backed recommendation provided.,,0.7,2,65.0
Ethiopia,ETH,cultural_anthropologist,D4,CONTRIBUTED,Evidence-backed recommendation provided.,,0.5,1,40.0
Ethiopia,ETH,institutional_analyst,D1,CONTRIBUTED,Evidence-backed recommendation provided.,,0.82,9,14.0
Ethiopia,ETH,institutional_analyst,D2,CONTRIBUTED,Evidence-backed recommendation provided.,,0.79,10,24.0
Ethiopia,ETH,institutional_analyst,D3,CONTRIBUTED,Evidence-backed recommendation provided.,,0.72,7,60.0
Ethiopia,ETH,institutional_analyst,D4,CONTRIBUTED,Evidence-backed recommendation provided.,,0.65,7,56.0
Ethiopia,ETH,historical_analyst,D1,CONTRIBUTED,Evidence-backed recommendation provided.,,0.85,3,18.0
Ethiopia,ETH,historical_analyst,D2,CONTRIBUTED,Evidence-backed recommendation provided.,,0.75,3,40.0
Ethiopia,ETH,historical_analyst,D3,CONTRIBUTED,Evidence-backed recommendation provided.,,0.8,3,75.0
Ethiopia,ETH,historical_analyst,D4,CONTRIBUTED,Evidence-backed recommendation provided.,,0.8,3,65.0
Finland,FIN,cultural_anthropologist,D1,CONTRIBUTED,Evidence-backed recommendation provided.,,0.7,3,80.0
Finland,FIN,cultural_anthropologist,D2,CONTRIBUTED,Evidence-backed recommendation provided.,,0.7,3,30.0
Finland,FIN,cultural_anthropologist,D3,CONTRIBUTED,Evidence-backed recommendation provided.,,0.8,2,85.0
Finland,FIN,cultural_anthropologist,D4,CONTRIBUTED,Evidence-backed recommendation provided.,,0.6,3,60.0
Finland,FIN,institutional_analyst,D1,CONTRIBUTED,Evidence-backed recommendation provided.,,0.82,7,72.0
Finland,FIN,institutional_analyst,D2,CONTRIBUTED,Evidence-backed recommendation provided.,,0.85,8,18.0
Finland,FIN,institutional_analyst,D3,CONTRIBUTED,Evidence-backed recommendation provided.,,0.78,6,64.0
Finland,FIN,institutional_analyst,D4,CONTRIBUTED,Evidence-backed recommendation provided.,,0.87,7,25.0
Finland,FIN,historical_analyst,D1,CONTRIBUTED,Evidence-backed recommendation provided.,,0.85,5,37.0
Finland,FIN,historical_analyst,D2,CONTRIBUTED,Evidence-backed recommendation provided.,,0.9,5,22.0
Finland,FIN,historical_analyst,D3,CONTRIBUTED,Evidence-backed recommendation provided.,,0.85,4,82.0
Finland,FIN,historical_analyst,D4,CONTRIBUTED,Evidence-backed recommendation provided.,,0.8,4,38.0
France,FRA,cultural_anthropologist,D1,CONTRIBUTED,Evidence-backed recommendation provided.,,0.85,4,75.0
France,FRA,cultural_anthropologist,D2,ABSTAINED,No reliable ethnographic or anthropological evidence was found on the cultural freedom of emotional expression versus hierarchical suppression (openness vs restraint) in France to support or counter either direction.,ABSTAINED_INSUFFICIENT_EVIDENCE,0.0,0,
France,FRA,cultural_anthropologist,D3,ABSTAINED,"No concrete ethnographic evidence regarding psychological need for structure, rules, or certainty in everyday French life was located to evaluate structure versus fluidity.",ABSTAINED_INSUFFICIENT_EVIDENCE,0.0,0,
France,FRA,cultural_anthropologist,D4,ABSTAINED,No ethnographic studies focusing explicitly on achievement‐orientation versus relational harmony were found to inform Drive (D4).,ABSTAINED_INSUFFICIENT_EVIDENCE,0.0,0,
France,FRA,institutional_analyst,D1,CONTRIBUTED,Evidence-backed recommendation provided.,,0.82,8,72.0
France,FRA,institutional_analyst,D2,CONTRIBUTED,Evidence-backed recommendation provided.,,0.7,7,48.0
France,FRA,institutional_analyst,D3,CONTRIBUTED,Evidence-backed recommendation provided.,,0.88,6,84.0
France,FRA,institutional_analyst,D4,CONTRIBUTED,Evidence-backed recommendation provided.,,0.76,7,38.0
France,FRA,historical_analyst,D1,CONTRIBUTED,Evidence-backed recommendation provided.,,0.8,5,71.0
France,FRA,historical_analyst,D2,CONTRIBUTED,Evidence-backed recommendation provided.,,0.7,5,60.0
France,FRA,historical_analyst,D3,CONTRIBUTED,Evidence-backed recommendation provided.,,0.8,5,76.0
France,FRA,historical_analyst,D4,CONTRIBUTED,Evidence-backed recommendation provided.,,0.75,5,43.0
United Kingdom,GBR,cultural_anthropologist,D1,CONTRIBUTED,Evidence-backed recommendation provided.,,0.8,2,85.0
United Kingdom,GBR,cultural_anthropologist,D2,ABSTAINED,"After thorough review, no robust anthropological or ethnographic evidence was found specifically addressing the UK’s cultural freedom or suppression of emotional expression in everyday lived practice contexts.",ABSTAINED_INSUFFICIENT_EVIDENCE,0.2,0,
United Kingdom,GBR,cultural_anthropologist,D3,ABSTAINED,"No evidence was found regarding psychological need for rules, order, or discomfort with ambiguity explicitly from lived-experience anthropological research, distinct from governance or institutional quality.",ABSTAINED_INSUFFICIENT_EVIDENCE,0.2,0,
United Kingdom,GBR,cultural_anthropologist,D4,CONTRIBUTED,Evidence-backed recommendation provided.,,0.7,2,70.0
United Kingdom,GBR,institutional_analyst,D1,CONTRIBUTED,Evidence-backed recommendation provided.,,0.92,7,88.0
United Kingdom,GBR,institutional_analyst,D2,CONTRIBUTED,Evidence-backed recommendation provided.,,0.82,8,33.0
United Kingdom,GBR,institutional_analyst,D3,CONTRIBUTED,Evidence-backed recommendation provided.,,0.87,6,38.0
United Kingdom,GBR,institutional_analyst,D4,CONTRIBUTED,Evidence-backed recommendation provided.,,0.8,7,65.0
United Kingdom,GBR,historical_analyst,D1,CONTRIBUTED,Evidence-backed recommendation provided.,,0.85,5,89.0
United Kingdom,GBR,historical_analyst,D2,CONTRIBUTED,Evidence-backed recommendation provided.,,0.8,5,30.0
United Kingdom,GBR,historical_analyst,D3,CONTRIBUTED,Evidence-backed recommendation provided.,,0.75,5,78.0
United Kingdom,GBR,historical_analyst,D4,CONTRIBUTED,Evidence-backed recommendation provided.,,0.7,5,66.0
Greece,GRC,cultural_anthropologist,D1,CONTRIBUTED,Evidence-backed recommendation provided.,,0.8,3,25.0
Greece,GRC,cultural_anthropologist,D2,ABSTAINED,Insufficient ethnographic evidence on emotional openness vs restraint in contemporary Greece; ancient and ritual-focused studies (e.g. lamentation rituals) don’t clearly map to everyday expressive freedom structure.,ABSTAINED_INSUFFICIENT_EVIDENCE,0.2,0,
Greece,GRC,cultural_anthropologist,D3,CONTRIBUTED,Evidence-backed recommendation provided.,,0.9,2,85.0
Greece,GRC,cultural_anthropologist,D4,CONTRIBUTED,Evidence-backed recommendation provided.,,0.7,1,60.0
Greece,GRC,institutional_analyst,D1,CONTRIBUTED,Evidence-backed recommendation provided.,,0.88,9,22.0
Greece,GRC,institutional_analyst,D2,CONTRIBUTED,Evidence-backed recommendation provided.,,0.8,6,78.0
Greece,GRC,institutional_analyst,D3,CONTRIBUTED,Evidence-backed recommendation provided.,,0.92,8,88.0
Greece,GRC,institutional_analyst,D4,CONTRIBUTED,Evidence-backed recommendation provided.,,0.75,7,58.0
Greece,GRC,historical_analyst,D1,CONTRIBUTED,Evidence-backed recommendation provided.,,0.7,2,80.0
Greece,GRC,historical_analyst,D2,CONTRIBUTED,Evidence-backed recommendation provided.,,0.7,2,70.0
Greece,GRC,historical_analyst,D3,CONTRIBUTED,Evidence-backed recommendation provided.,,0.6,2,30.0
Greece,GRC,historical_analyst,D4,CONTRIBUTED,Evidence-backed recommendation provided.,,0.6,2,45.0
Guatemala,GTM,cultural_anthropologist,D1,CONTRIBUTED,Evidence-backed recommendation provided.,,0.8,2,25.0
Guatemala,GTM,cultural_anthropologist,D2,CONTRIBUTED,Evidence-backed recommendation provided.,,0.7,2,40.0
Guatemala,GTM,cultural_anthropologist,D3,CONTRIBUTED,Evidence-backed recommendation provided.,,0.7,2,70.0
Guatemala,GTM,cultural_anthropologist,D4,CONTRIBUTED,Evidence-backed recommendation provided.,,0.6,2,50.0
Guatemala,GTM,institutional_analyst,D1,CONTRIBUTED,Evidence-backed recommendation provided.,,0.95,10,8.0
Guatemala,GTM,institutional_analyst,D2,CONTRIBUTED,Evidence-backed recommendation provided.,,0.65,7,52.0
Guatemala,GTM,institutional_analyst,D3,CONTRIBUTED,Evidence-backed recommendation provided.,,0.9,7,88.0
Guatemala,GTM,institutional_analyst,D4,CONTRIBUTED,Evidence-backed recommendation provided.,,0.78,7,34.0
Guatemala,GTM,historical_analyst,D1,CONTRIBUTED,Evidence-backed recommendation provided.,,0.8,3,26.0
Guatemala,GTM,historical_analyst,D2,CONTRIBUTED,Evidence-backed recommendation provided.,,0.75,3,30.0
Guatemala,GTM,historical_analyst,D3,CONTRIBUTED,Evidence-backed recommendation provided.,,0.8,3,21.0
Guatemala,GTM,historical_analyst,D4,CONTRIBUTED,Evidence-backed recommendation provided.,,0.75,3,31.0
Hong Kong,HKG,cultural_anthropologist,D1,CONTRIBUTED,Evidence-backed recommendation provided.,,0.7,3,40.0
Hong Kong,HKG,cultural_anthropologist,D2,CONTRIBUTED,Evidence-backed recommendation provided.,,0.6,2,35.0
Hong Kong,HKG,cultural_anthropologist,D3,CONTRIBUTED,Evidence-backed recommendation provided.,,0.6,2,60.0
Hong Kong,HKG,cultural_anthropologist,D4,CONTRIBUTED,Evidence-backed recommendation provided.,,0.7,2,65.0
Hong Kong,HKG,institutional_analyst,D1,CONTRIBUTED,Evidence-backed recommendation provided.,,0.82,8,24.0
Hong Kong,HKG,institutional_analyst,D2,CONTRIBUTED,Evidence-backed recommendation provided.,,0.75,8,22.0
Hong Kong,HKG,institutional_analyst,D3,CONTRIBUTED,Evidence-backed recommendation provided.,,0.78,7,30.0
Hong Kong,HKG,institutional_analyst,D4,CONTRIBUTED,Evidence-backed recommendation provided.,,0.8,9,73.0
Hong Kong,HKG,historical_analyst,D1,CONTRIBUTED,Evidence-backed recommendation provided.,,0.85,5,25.0
Hong Kong,HKG,historical_analyst,D2,CONTRIBUTED,Evidence-backed recommendation provided.,,0.8,4,30.0
Hong Kong,HKG,historical_analyst,D3,CONTRIBUTED,Evidence-backed recommendation provided.,,0.75,5,85.0
Hong Kong,HKG,historical_analyst,D4,CONTRIBUTED,Evidence-backed recommendation provided.,,0.9,5,90.0
Hungary,HUN,cultural_anthropologist,D1,CONTRIBUTED,Evidence-backed recommendation provided.,,0.65,3,40.0
Hungary,HUN,cultural_anthropologist,D2,ABSTAINED,"No clear ethnographic evidence found on emotional openness vs. suppression in everyday Hungarian life that addresses structural freedom of expression, not volume. Abstained.",ABSTAINED_INSUFFICIENT_EVIDENCE,0.2,0,
Hungary,HUN,cultural_anthropologist,D3,ABSTAINED,"Lacking direct field-based evidence on psychological need for rules, order, or handling of ambiguity in Hungarian lived practice. Abstained.",ABSTAINED_INSUFFICIENT_EVIDENCE,0.2,0,
Hungary,HUN,cultural_anthropologist,D4,CONTRIBUTED,Evidence-backed recommendation provided.,,0.6,2,50.0
Hungary,HUN,institutional_analyst,D1,CONTRIBUTED,Evidence-backed recommendation provided.,,0.82,9,78.0
Hungary,HUN,institutional_analyst,D2,CONTRIBUTED,Evidence-backed recommendation provided.,,0.76,6,32.0
Hungary,HUN,institutional_analyst,D3,CONTRIBUTED,Evidence-backed recommendation provided.,,0.73,9,72.0
Hungary,HUN,institutional_analyst,D4,CONTRIBUTED,Evidence-backed recommendation provided.,,0.68,8,74.0
Hungary,HUN,historical_analyst,D1,CONTRIBUTED,Evidence-backed recommendation provided.,,0.85,3,20.0
Hungary,HUN,historical_analyst,D2,CONTRIBUTED,Evidence-backed recommendation provided.,,0.75,3,35.0
Hungary,HUN,historical_analyst,D3,CONTRIBUTED,Evidence-backed recommendation provided.,,0.8,3,65.0
Hungary,HUN,historical_analyst,D4,CONTRIBUTED,Evidence-backed recommendation provided.,,0.7,3,55.0
Indonesia,IDN,cultural_anthropologist,D1,CONTRIBUTED,Evidence-backed recommendation provided.,,0.75,3,20.0
Indonesia,IDN,cultural_anthropologist,D2,CONTRIBUTED,Evidence-backed recommendation provided.,,0.6,1,35.0
Indonesia,IDN,cultural_anthropologist,D3,CONTRIBUTED,Evidence-backed recommendation provided.,,0.7,1,65.0
Indonesia,IDN,cultural_anthropologist,D4,CONTRIBUTED,Evidence-backed recommendation provided.,,0.65,1,30.0
Indonesia,IDN,institutional_analyst,D1,CONTRIBUTED,Evidence-backed recommendation provided.,,0.95,12,10.0
Indonesia,IDN,institutional_analyst,D2,CONTRIBUTED,Evidence-backed recommendation provided.,,0.88,9,22.0
Indonesia,IDN,institutional_analyst,D3,CONTRIBUTED,Evidence-backed recommendation provided.,,0.82,6,38.0
Indonesia,IDN,institutional_analyst,D4,CONTRIBUTED,Evidence-backed recommendation provided.,,0.8,7,35.0
Indonesia,IDN,historical_analyst,D1,CONTRIBUTED,Evidence-backed recommendation provided.,,0.9,5,28.0
Indonesia,IDN,historical_analyst,D2,CONTRIBUTED,Evidence-backed recommendation provided.,,0.85,5,35.0
Indonesia,IDN,historical_analyst,D3,CONTRIBUTED,Evidence-backed recommendation provided.,,0.8,5,60.0
Indonesia,IDN,historical_analyst,D4,CONTRIBUTED,Evidence-backed recommendation provided.,,0.8,5,40.0
India,IND,cultural_anthropologist,D1,CONTRIBUTED,Evidence-backed recommendation provided.,,0.8,3,35.0
India,IND,cultural_anthropologist,D2,CONTRIBUTED,Evidence-backed recommendation provided.,,0.7,2,42.0
India,IND,cultural_anthropologist,D3,CONTRIBUTED,Evidence-backed recommendation provided.,,0.75,2,65.0
India,IND,cultural_anthropologist,D4,CONTRIBUTED,Evidence-backed recommendation provided.,,0.75,3,52.0
India,IND,institutional_analyst,D1,CONTRIBUTED,Evidence-backed recommendation provided.,,0.72,11,32.0
India,IND,institutional_analyst,D2,CONTRIBUTED,Evidence-backed recommendation provided.,,0.68,6,35.0
India,IND,institutional_analyst,D3,CONTRIBUTED,Evidence-backed recommendation provided.,,0.75,8,42.0
India,IND,institutional_analyst,D4,CONTRIBUTED,Evidence-backed recommendation provided.,,0.71,7,58.0
India,IND,historical_analyst,D1,CONTRIBUTED,Evidence-backed recommendation provided.,,0.8,5,35.0
India,IND,historical_analyst,D2,CONTRIBUTED,Evidence-backed recommendation provided.,,0.7,5,55.0
India,IND,historical_analyst,D3,CONTRIBUTED,Evidence-backed recommendation provided.,,0.75,5,45.0
India,IND,historical_analyst,D4,CONTRIBUTED,Evidence-backed recommendation provided.,,0.8,5,70.0
Ireland,IRL,cultural_anthropologist,D1,CONTRIBUTED,Evidence-backed recommendation provided.,,0.6,3,40.0
Ireland,IRL,cultural_anthropologist,D2,CONTRIBUTED,Evidence-backed recommendation provided.,,0.6,2,45.0
Ireland,IRL,cultural_anthropologist,D3,CONTRIBUTED,Evidence-backed recommendation provided.,,0.5,1,55.0
Ireland,IRL,cultural_anthropologist,D4,ABSTAINED,No clear ethnographic evidence found addressing achievement‑orientation versus harmony orientation in everyday social life. Abstaining.,ABSTAINED_INSUFFICIENT_EVIDENCE,0.1,0,50.0
Ireland,IRL,institutional_analyst,D1,CONTRIBUTED,Evidence-backed recommendation provided.,,0.82,8,72.0
Ireland,IRL,institutional_analyst,D2,CONTRIBUTED,Evidence-backed recommendation provided.,,0.74,8,44.0
Ireland,IRL,institutional_analyst,D3,CONTRIBUTED,Evidence-backed recommendation provided.,,0.85,6,35.0
Ireland,IRL,institutional_analyst,D4,CONTRIBUTED,Evidence-backed recommendation provided.,,0.8,7,68.0
Ireland,IRL,historical_analyst,D1,CONTRIBUTED,Evidence-backed recommendation provided.,,0.8,5,30.0
Ireland,IRL,historical_analyst,D2,CONTRIBUTED,Evidence-backed recommendation provided.,,0.7,4,65.0
Ireland,IRL,historical_analyst,D3,CONTRIBUTED,Evidence-backed recommendation provided.,,0.7,5,45.0
Ireland,IRL,historical_analyst,D4,CONTRIBUTED,Evidence-backed recommendation provided.,,0.7,5,55.0
Iran,IRN,cultural_anthropologist,D1,CONTRIBUTED,Evidence-backed recommendation provided.,,0.8,2,30.0
Iran,IRN,cultural_anthropologist,D2,CONTRIBUTED,Evidence-backed recommendation provided.,,0.8,2,25.0
Iran,IRN,cultural_anthropologist,D3,CONTRIBUTED,Evidence-backed recommendation provided.,,0.7,2,60.0
Iran,IRN,cultural_anthropologist,D4,ABSTAINED,"No strong ethnographic evidence located yet regarding achievement‑orientation vs relational/harmony orientation. Hence abstaining would be safer, but midpoint reflects unknown.",ABSTAINED_INSUFFICIENT_EVIDENCE,0.4,0,50.0
Iran,IRN,institutional_analyst,D1,CONTRIBUTED,Evidence-backed recommendation provided.,,0.8,10,28.0
Iran,IRN,institutional_analyst,D2,CONTRIBUTED,Evidence-backed recommendation provided.,,0.72,8,38.0
Iran,IRN,institutional_analyst,D3,CONTRIBUTED,Evidence-backed recommendation provided.,,0.78,8,58.0
Iran,IRN,institutional_analyst,D4,CONTRIBUTED,Evidence-backed recommendation provided.,,0.65,6,42.0
Iran,IRN,historical_analyst,D1,CONTRIBUTED,Evidence-backed recommendation provided.,,0.8,5,41.0
Iran,IRN,historical_analyst,D2,CONTRIBUTED,Evidence-backed recommendation provided.,,0.85,4,30.0
Iran,IRN,historical_analyst,D3,CONTRIBUTED,Evidence-backed recommendation provided.,,0.75,4,35.0
Iran,IRN,historical_analyst,D4,CONTRIBUTED,Evidence-backed recommendation provided.,,0.8,4,75.0
Israel,ISR,cultural_anthropologist,D1,CONTRIBUTED,Evidence-backed recommendation provided.,,0.8,2,30.0
Israel,ISR,cultural_anthropologist,D2,CONTRIBUTED,Evidence-backed recommendation provided.,,0.7,2,70.0
Israel,ISR,cultural_anthropologist,D3,CONTRIBUTED,Evidence-backed recommendation provided.,,0.6,2,40.0
Israel,ISR,cultural_anthropologist,D4,CONTRIBUTED,Evidence-backed recommendation provided.,,0.6,2,60.0
Israel,ISR,institutional_analyst,D1,CONTRIBUTED,Evidence-backed recommendation provided.,,0.75,9,58.0
Israel,ISR,institutional_analyst,D2,CONTRIBUTED,Evidence-backed recommendation provided.,,0.78,9,76.0
Israel,ISR,institutional_analyst,D3,CONTRIBUTED,Evidence-backed recommendation provided.,,0.8,8,72.0
Israel,ISR,institutional_analyst,D4,CONTRIBUTED,Evidence-backed recommendation provided.,,0.72,7,56.0
Israel,ISR,historical_analyst,D1,CONTRIBUTED,Evidence-backed recommendation provided.,,0.7,4,46.0
Israel,ISR,historical_analyst,D2,CONTRIBUTED,Evidence-backed recommendation provided.,,0.8,4,72.0
Israel,ISR,historical_analyst,D3,CONTRIBUTED,Evidence-backed recommendation provided.,,0.75,4,62.0
Israel,ISR,historical_analyst,D4,CONTRIBUTED,Evidence-backed recommendation provided.,,0.75,4,74.0
Italy,ITA,cultural_anthropologist,D1,CONTRIBUTED,Evidence-backed recommendation provided.,,0.8,5,65.0
Italy,ITA,cultural_anthropologist,D2,CONTRIBUTED,Evidence-backed recommendation provided.,,0.7,3,70.0
Italy,ITA,cultural_anthropologist,D3,CONTRIBUTED,Evidence-backed recommendation provided.,,0.5,2,55.0
Italy,ITA,cultural_anthropologist,D4,CONTRIBUTED,Evidence-backed recommendation provided.,,0.6,2,60.0
Italy,ITA,institutional_analyst,D1,CONTRIBUTED,Evidence-backed recommendation provided.,,0.85,9,78.0
Italy,ITA,institutional_analyst,D2,CONTRIBUTED,Evidence-backed recommendation provided.,,0.8,8,77.0
Italy,ITA,institutional_analyst,D3,CONTRIBUTED,Evidence-backed recommendation provided.,,0.82,7,68.0
Italy,ITA,institutional_analyst,D4,CONTRIBUTED,Evidence-backed recommendation provided.,,0.83,7,72.0
Italy,ITA,historical_analyst,D1,CONTRIBUTED,Evidence-backed recommendation provided.,,0.85,5,76.0
Italy,ITA,historical_analyst,D2,CONTRIBUTED,Evidence-backed recommendation provided.,,0.8,4,70.0
Italy,ITA,historical_analyst,D3,CONTRIBUTED,Evidence-backed recommendation provided.,,0.75,4,35.0
Italy,ITA,historical_analyst,D4,CONTRIBUTED,Evidence-backed recommendation provided.,,0.7,4,40.0
Jordan,JOR,cultural_anthropologist,D1,CONTRIBUTED,Evidence-backed recommendation provided.,,0.8,3,30.0
Jordan,JOR,cultural_anthropologist,D2,CONTRIBUTED,Evidence-backed recommendation provided.,,0.6,2,50.0
Jordan,JOR,cultural_anthropologist,D3,CONTRIBUTED,Evidence-backed recommendation provided.,,0.7,2,60.0
Jordan,JOR,cultural_anthropologist,D4,CONTRIBUTED,Evidence-backed recommendation provided.,,0.6,2,55.0
Jordan,JOR,institutional_analyst,D1,CONTRIBUTED,Evidence-backed recommendation provided.,,0.87,9,18.0
Jordan,JOR,institutional_analyst,D2,CONTRIBUTED,Evidence-backed recommendation provided.,,0.76,7,32.0
Jordan,JOR,institutional_analyst,D3,CONTRIBUTED,Evidence-backed recommendation provided.,,0.78,7,68.0
Jordan,JOR,institutional_analyst,D4,CONTRIBUTED,Evidence-backed recommendation provided.,,0.71,6,38.0
Jordan,JOR,historical_analyst,D1,CONTRIBUTED,Evidence-backed recommendation provided.,,0.85,2,35.0
Jordan,JOR,historical_analyst,D2,CONTRIBUTED,Evidence-backed recommendation provided.,,0.8,2,25.0
Jordan,JOR,historical_analyst,D3,CONTRIBUTED,Evidence-backed recommendation provided.,,0.75,2,80.0
Jordan,JOR,historical_analyst,D4,CONTRIBUTED,Evidence-backed recommendation provided.,,0.7,2,60.0
Japan,JPN,cultural_anthropologist,D1,CONTRIBUTED,Evidence-backed recommendation provided.,,0.8,3,42.0
Japan,JPN,cultural_anthropologist,D2,CONTRIBUTED,Evidence-backed recommendation provided.,,0.75,2,35.0
Japan,JPN,cultural_anthropologist,D3,CONTRIBUTED,Evidence-backed recommendation provided.,,0.85,1,80.0
Japan,JPN,cultural_anthropologist,D4,CONTRIBUTED,Evidence-backed recommendation provided.,,0.7,2,60.0
Japan,JPN,institutional_analyst,D1,CONTRIBUTED,Evidence-backed recommendation provided.,,0.82,10,28.0
Japan,JPN,institutional_analyst,D2,CONTRIBUTED,Evidence-backed recommendation provided.,,0.85,9,18.0
Japan,JPN,institutional_analyst,D3,CONTRIBUTED,Evidence-backed recommendation provided.,,0.88,8,90.0
Japan,JPN,institutional_analyst,D4,CONTRIBUTED,Evidence-backed recommendation provided.,,0.8,8,82.0
Japan,JPN,historical_analyst,D1,CONTRIBUTED,Evidence-backed recommendation provided.,,0.85,4,40.0
Japan,JPN,historical_analyst,D2,CONTRIBUTED,Evidence-backed recommendation provided.,,0.8,4,25.0
Japan,JPN,historical_analyst,D3,CONTRIBUTED,Evidence-backed recommendation provided.,,0.9,3,85.0
Japan,JPN,historical_analyst,D4,CONTRIBUTED,Evidence-backed recommendation provided.,,0.85,4,75.0
Pakistan,PAK,cultural_anthropologist,D1,CONTRIBUTED,Evidence-backed recommendation provided.,,0.8,3,20.0
Pakistan,PAK,cultural_anthropologist,D2,CONTRIBUTED,Evidence-backed recommendation provided.,,0.6,2,40.0
Pakistan,PAK,cultural_anthropologist,D3,ABSTAINED,"No ethnographic evidence on rules, orderliness, or comfort with ambiguity was found in the available sources focused on lived experience.",ABSTAINED_INSUFFICIENT_EVIDENCE,0.0,0,
Pakistan,PAK,cultural_anthropologist,D4,ABSTAINED,No specific lived-experience evidence relating to achievement orientation vs acceptance/harmony was found in the ethnographic sources.,ABSTAINED_INSUFFICIENT_EVIDENCE,0.0,0,
Pakistan,PAK,institutional_analyst,D1,CONTRIBUTED,Evidence-backed recommendation provided.,,0.92,8,12.0
Pakistan,PAK,institutional_analyst,D2,CONTRIBUTED,Evidence-backed recommendation provided.,,0.82,8,22.0
Pakistan,PAK,institutional_analyst,D3,CONTRIBUTED,Evidence-backed recommendation provided.,,0.85,8,72.0
Pakistan,PAK,institutional_analyst,D4,CONTRIBUTED,Evidence-backed recommendation provided.,,0.78,6,52.0
Pakistan,PAK,historical_analyst,D1,CONTRIBUTED,Evidence-backed recommendation provided.,,0.85,4,20.0
Pakistan,PAK,historical_analyst,D2,CONTRIBUTED,Evidence-backed recommendation provided.,,0.8,4,25.0
Pakistan,PAK,historical_analyst,D3,CONTRIBUTED,Evidence-backed recommendation provided.,,0.8,4,75.0
Pakistan,PAK,historical_analyst,D4,CONTRIBUTED,Evidence-backed recommendation provided.,,0.7,3,55.0
Peru,PER,cultural_anthropologist,D1,CONTRIBUTED,Evidence-backed recommendation provided.,,0.8,2,15.0
Peru,PER,cultural_anthropologist,D2,CONTRIBUTED,Evidence-backed recommendation provided.,,0.7,3,35.0
Peru,PER,cultural_anthropologist,D3,CONTRIBUTED,Evidence-backed recommendation provided.,,0.8,2,75.0
Peru,PER,cultural_anthropologist,D4,ABSTAINED,Insufficient ethnographic or anthropological evidence found regarding achievement‑orientation vs harmony orientation in Peru to adjust from the neutral midrange.,ABSTAINED_INSUFFICIENT_EVIDENCE,0.3,0,50.0
Peru,PER,institutional_analyst,D1,CONTRIBUTED,Evidence-backed recommendation provided.,,0.9,9,14.0
Peru,PER,institutional_analyst,D2,CONTRIBUTED,Evidence-backed recommendation provided.,,0.72,6,38.0
Peru,PER,institutional_analyst,D3,CONTRIBUTED,Evidence-backed recommendation provided.,,0.88,7,84.0
Peru,PER,institutional_analyst,D4,CONTRIBUTED,Evidence-backed recommendation provided.,,0.75,6,40.0
Peru,PER,historical_analyst,D1,CONTRIBUTED,Evidence-backed recommendation provided.,,0.85,4,18.0
Peru,PER,historical_analyst,D2,CONTRIBUTED,Evidence-backed recommendation provided.,,0.7,4,40.0
Peru,PER,historical_analyst,D3,CONTRIBUTED,Evidence-backed recommendation provided.,,0.75,5,30.0
Peru,PER,historical_analyst,D4,CONTRIBUTED,Evidence-backed recommendation provided.,,0.7,5,40.0
Romania,ROU,institutional_analyst,D1,CONTRIBUTED,Evidence-backed recommendation provided.,,0.82,11,22.0
Romania,ROU,institutional_analyst,D2,CONTRIBUTED,Evidence-backed recommendation provided.,,0.62,7,52.0
Romania,ROU,institutional_analyst,D3,CONTRIBUTED,Evidence-backed recommendation provided.,,0.85,8,85.0
Romania,ROU,institutional_analyst,D4,CONTRIBUTED,Evidence-backed recommendation provided.,,0.74,6,38.0
Romania,ROU,historical_analyst,D1,CONTRIBUTED,Evidence-backed recommendation provided.,,0.75,3,70.0
Romania,ROU,historical_analyst,D2,CONTRIBUTED,Evidence-backed recommendation provided.,,0.7,3,55.0
Romania,ROU,historical_analyst,D3,CONTRIBUTED,Evidence-backed recommendation provided.,,0.65,3,35.0
Romania,ROU,historical_analyst,D4,CONTRIBUTED,Evidence-backed recommendation provided.,,0.7,3,62.0
Romania,ROU,cultural_anthropologist,,FAILED,native research failed for ROU/cultural_anthropologist after one retry: Connection error.,UNKNOWN,0.0,0,
Russia,RUS,cultural_anthropologist,D1,CONTRIBUTED,Evidence-backed recommendation provided.,,0.8,3,30.0
Russia,RUS,cultural_anthropologist,D2,CONTRIBUTED,Evidence-backed recommendation provided.,,0.7,2,40.0
Russia,RUS,cultural_anthropologist,D3,CONTRIBUTED,Evidence-backed recommendation provided.,,0.9,1,85.0
Russia,RUS,cultural_anthropologist,D4,CONTRIBUTED,Evidence-backed recommendation provided.,,0.7,1,35.0
Russia,RUS,institutional_analyst,D1,CONTRIBUTED,Evidence-backed recommendation provided.,,0.78,11,32.0
Russia,RUS,institutional_analyst,D2,CONTRIBUTED,Evidence-backed recommendation provided.,,0.82,8,28.0
Russia,RUS,institutional_analyst,D3,CONTRIBUTED,Evidence-backed recommendation provided.,,0.87,8,88.0
Russia,RUS,institutional_analyst,D4,CONTRIBUTED,Evidence-backed recommendation provided.,,0.74,6,38.0
Russia,RUS,historical_analyst,D1,CONTRIBUTED,Evidence-backed recommendation provided.,,0.8,5,35.0
Russia,RUS,historical_analyst,D2,CONTRIBUTED,Evidence-backed recommendation provided.,,0.75,4,45.0
Russia,RUS,historical_analyst,D3,CONTRIBUTED,Evidence-backed recommendation provided.,,0.85,4,80.0
Russia,RUS,historical_analyst,D4,CONTRIBUTED,Evidence-backed recommendation provided.,,0.7,3,60.0
Singapore,SGP,cultural_anthropologist,D1,CONTRIBUTED,Evidence-backed recommendation provided.,,0.75,3,30.0
Singapore,SGP,cultural_anthropologist,D2,ABSTAINED,Abstained: no citable evidence for this dimension.,ABSTAINED_INSUFFICIENT_EVIDENCE,0.0,0,
Singapore,SGP,cultural_anthropologist,D3,ABSTAINED,Abstained: no citable evidence for this dimension.,ABSTAINED_INSUFFICIENT_EVIDENCE,0.0,0,
Singapore,SGP,cultural_anthropologist,D4,ABSTAINED,Abstained: no citable evidence for this dimension.,ABSTAINED_INSUFFICIENT_EVIDENCE,0.0,0,
Singapore,SGP,institutional_analyst,D1,CONTRIBUTED,Evidence-backed recommendation provided.,,0.88,7,18.0
Singapore,SGP,institutional_analyst,D2,CONTRIBUTED,Evidence-backed recommendation provided.,,0.82,7,18.0
Singapore,SGP,institutional_analyst,D3,CONTRIBUTED,Evidence-backed recommendation provided.,,0.8,7,22.0
Singapore,SGP,institutional_analyst,D4,CONTRIBUTED,Evidence-backed recommendation provided.,,0.85,7,78.0
Singapore,SGP,historical_analyst,D1,CONTRIBUTED,Evidence-backed recommendation provided.,,0.9,4,20.0
Singapore,SGP,historical_analyst,D2,CONTRIBUTED,Evidence-backed recommendation provided.,,0.8,3,30.0
Singapore,SGP,historical_analyst,D3,CONTRIBUTED,Evidence-backed recommendation provided.,,0.7,4,85.0
Singapore,SGP,historical_analyst,D4,CONTRIBUTED,Evidence-backed recommendation provided.,,0.8,3,80.0
Mexico,MEX,cultural_anthropologist,D1,CONTRIBUTED,Evidence-backed recommendation provided.,,0.8,2,30.0
Mexico,MEX,cultural_anthropologist,D2,CONTRIBUTED,Evidence-backed recommendation provided.,,0.7,2,70.0
Mexico,MEX,cultural_anthropologist,D3,CONTRIBUTED,Evidence-backed recommendation provided.,,0.8,1,80.0
Mexico,MEX,cultural_anthropologist,D4,CONTRIBUTED,Evidence-backed recommendation provided.,,0.7,1,60.0
Mexico,MEX,institutional_analyst,D1,CONTRIBUTED,Evidence-backed recommendation provided.,,0.87,7,22.0
Mexico,MEX,institutional_analyst,D2,CONTRIBUTED,Evidence-backed recommendation provided.,,0.82,7,78.0
Mexico,MEX,institutional_analyst,D3,CONTRIBUTED,Evidence-backed recommendation provided.,,0.88,6,80.0
Mexico,MEX,institutional_analyst,D4,CONTRIBUTED,Evidence-backed recommendation provided.,,0.8,7,68.0
Mexico,MEX,historical_analyst,D1,CONTRIBUTED,Evidence-backed recommendation provided.,,0.85,3,30.0
Mexico,MEX,historical_analyst,D2,CONTRIBUTED,Evidence-backed recommendation provided.,,0.75,3,65.0
Mexico,MEX,historical_analyst,D3,CONTRIBUTED,Evidence-backed recommendation provided.,,0.65,3,45.0
Mexico,MEX,historical_analyst,D4,CONTRIBUTED,Evidence-backed recommendation provided.,,0.7,3,40.0
Namibia,NAM,cultural_anthropologist,D1,CONTRIBUTED,Evidence-backed recommendation provided.,,0.6,5,40.0
Namibia,NAM,cultural_anthropologist,D2,CONTRIBUTED,Evidence-backed recommendation provided.,,0.7,2,30.0
Namibia,NAM,cultural_anthropologist,D3,CONTRIBUTED,Evidence-backed recommendation provided.,,0.6,1,60.0
Namibia,NAM,cultural_anthropologist,D4,CONTRIBUTED,Evidence-backed recommendation provided.,,0.5,1,50.0
Namibia,NAM,institutional_analyst,D1,CONTRIBUTED,Evidence-backed recommendation provided.,,0.78,9,22.0
Namibia,NAM,institutional_analyst,D2,CONTRIBUTED,Evidence-backed recommendation provided.,,0.65,7,33.0
Namibia,NAM,institutional_analyst,D3,CONTRIBUTED,Evidence-backed recommendation provided.,,0.72,8,68.0
Namibia,NAM,institutional_analyst,D4,CONTRIBUTED,Evidence-backed recommendation provided.,,0.6,6,50.0
Namibia,NAM,historical_analyst,D1,CONTRIBUTED,Evidence-backed recommendation provided.,,0.7,3,57.0
Namibia,NAM,historical_analyst,D2,CONTRIBUTED,Evidence-backed recommendation provided.,,0.65,2,45.0
Namibia,NAM,historical_analyst,D3,CONTRIBUTED,Evidence-backed recommendation provided.,,0.7,3,78.0
Namibia,NAM,historical_analyst,D4,CONTRIBUTED,Evidence-backed recommendation provided.,,0.65,3,60.0
Nigeria,NGA,cultural_anthropologist,D1,CONTRIBUTED,Evidence-backed recommendation provided.,,0.85,3,20.0
Nigeria,NGA,cultural_anthropologist,D2,CONTRIBUTED,Evidence-backed recommendation provided.,,0.75,2,50.0
Nigeria,NGA,cultural_anthropologist,D3,CONTRIBUTED,Evidence-backed recommendation provided.,,0.8,2,70.0
Nigeria,NGA,cultural_anthropologist,D4,CONTRIBUTED,Evidence-backed recommendation provided.,,0.6,1,40.0
Nigeria,NGA,institutional_analyst,D1,CONTRIBUTED,Evidence-backed recommendation provided.,,0.88,9,22.0
Nigeria,NGA,institutional_analyst,D2,CONTRIBUTED,Evidence-backed recommendation provided.,,0.8,8,72.0
Nigeria,NGA,institutional_analyst,D3,CONTRIBUTED,Evidence-backed recommendation provided.,,0.75,6,50.0
Nigeria,NGA,institutional_analyst,D4,CONTRIBUTED,Evidence-backed recommendation provided.,,0.82,8,68.0
Nigeria,NGA,historical_analyst,D1,CONTRIBUTED,Evidence-backed recommendation provided.,,0.8,3,70.0
Nigeria,NGA,historical_analyst,D2,CONTRIBUTED,Evidence-backed recommendation provided.,,0.75,3,75.0
Nigeria,NGA,historical_analyst,D3,CONTRIBUTED,Evidence-backed recommendation provided.,,0.85,2,25.0
Nigeria,NGA,historical_analyst,D4,CONTRIBUTED,Evidence-backed recommendation provided.,,0.85,4,88.0
Netherlands,NLD,cultural_anthropologist,D1,CONTRIBUTED,Evidence-backed recommendation provided.,,0.8,3,85.0
Netherlands,NLD,cultural_anthropologist,D2,ABSTAINED,Insufficient ethnographic evidence about emotional openness versus suppression structures in everyday Dutch life.,ABSTAINED_INSUFFICIENT_EVIDENCE,0.0,0,
Netherlands,NLD,cultural_anthropologist,D3,CONTRIBUTED,Evidence-backed recommendation provided.,,0.7,2,65.0
Netherlands,NLD,cultural_anthropologist,D4,ABSTAINED,No robust ethnographic evidence found regarding achievement‑orientation versus relational harmony in everyday Dutch practice.,ABSTAINED_INSUFFICIENT_EVIDENCE,0.0,0,
Netherlands,NLD,institutional_analyst,D1,CONTRIBUTED,Evidence-backed recommendation provided.,,0.88,8,85.0
Netherlands,NLD,institutional_analyst,D2,CONTRIBUTED,Evidence-backed recommendation provided.,,0.68,8,48.0
Netherlands,NLD,institutional_analyst,D3,CONTRIBUTED,Evidence-backed recommendation provided.,,0.82,7,58.0
Netherlands,NLD,institutional_analyst,D4,CONTRIBUTED,Evidence-backed recommendation provided.,,0.9,7,22.0
Netherlands,NLD,historical_analyst,D1,CONTRIBUTED,Evidence-backed recommendation provided.,,0.9,3,80.0
Netherlands,NLD,historical_analyst,D2,CONTRIBUTED,Evidence-backed recommendation provided.,,0.8,3,70.0
Netherlands,NLD,historical_analyst,D3,CONTRIBUTED,Evidence-backed recommendation provided.,,0.85,3,80.0
Netherlands,NLD,historical_analyst,D4,CONTRIBUTED,Evidence-backed recommendation provided.,,0.9,3,35.0
New Zealand,NZL,cultural_anthropologist,D1,CONTRIBUTED,Evidence-backed recommendation provided.,,0.6,4,70.0
New Zealand,NZL,cultural_anthropologist,D2,CONTRIBUTED,Evidence-backed recommendation provided.,,0.5,3,55.0
New Zealand,NZL,cultural_anthropologist,D3,CONTRIBUTED,Evidence-backed recommendation provided.,,0.6,2,60.0
New Zealand,NZL,cultural_anthropologist,D4,CONTRIBUTED,Evidence-backed recommendation provided.,,0.4,1,50.0
New Zealand,NZL,institutional_analyst,D1,CONTRIBUTED,Evidence-backed recommendation provided.,,0.82,9,78.0
New Zealand,NZL,institutional_analyst,D2,CONTRIBUTED,Evidence-backed recommendation provided.,,0.74,8,62.0
New Zealand,NZL,institutional_analyst,D3,CONTRIBUTED,Evidence-backed recommendation provided.,,0.68,6,42.0
New Zealand,NZL,institutional_analyst,D4,CONTRIBUTED,Evidence-backed recommendation provided.,,0.75,8,54.0
New Zealand,NZL,historical_analyst,D1,CONTRIBUTED,Evidence-backed recommendation provided.,,0.9,5,79.0
New Zealand,NZL,historical_analyst,D2,CONTRIBUTED,Evidence-backed recommendation provided.,,0.8,6,55.0
New Zealand,NZL,historical_analyst,D3,CONTRIBUTED,Evidence-backed recommendation provided.,,0.8,6,35.0
New Zealand,NZL,historical_analyst,D4,CONTRIBUTED,Evidence-backed recommendation provided.,,0.8,6,58.0
Philippines,PHL,cultural_anthropologist,D1,CONTRIBUTED,Evidence-backed recommendation provided.,,0.8,2,20.0
Philippines,PHL,cultural_anthropologist,D2,CONTRIBUTED,Evidence-backed recommendation provided.,,0.75,2,30.0
Philippines,PHL,cultural_anthropologist,D3,CONTRIBUTED,Evidence-backed recommendation provided.,,0.3,1,50.0
Philippines,PHL,cultural_anthropologist,D4,CONTRIBUTED,Evidence-backed recommendation provided.,,0.6,1,40.0
Philippines,PHL,institutional_analyst,D1,CONTRIBUTED,Evidence-backed recommendation provided.,,0.9,10,18.0
Philippines,PHL,institutional_analyst,D2,CONTRIBUTED,Evidence-backed recommendation provided.,,0.82,8,27.0
Philippines,PHL,institutional_analyst,D3,CONTRIBUTED,Evidence-backed recommendation provided.,,0.78,6,40.0
Philippines,PHL,institutional_analyst,D4,CONTRIBUTED,Evidence-backed recommendation provided.,,0.83,7,68.0
Philippines,PHL,historical_analyst,D1,CONTRIBUTED,Evidence-backed recommendation provided.,,0.8,6,30.0
Philippines,PHL,historical_analyst,D2,CONTRIBUTED,Evidence-backed recommendation provided.,,0.7,5,70.0
Philippines,PHL,historical_analyst,D3,CONTRIBUTED,Evidence-backed recommendation provided.,,0.7,5,45.0
Philippines,PHL,historical_analyst,D4,CONTRIBUTED,Evidence-backed recommendation provided.,,0.7,5,65.0
Portugal,PRT,cultural_anthropologist,D1,CONTRIBUTED,Evidence-backed recommendation provided.,,0.8,1,25.0
Portugal,PRT,cultural_anthropologist,D2,CONTRIBUTED,Evidence-backed recommendation provided.,,0.6,3,40.0
Portugal,PRT,cultural_anthropologist,D3,CONTRIBUTED,Evidence-backed recommendation provided.,,0.85,3,90.0
Portugal,PRT,cultural_anthropologist,D4,CONTRIBUTED,Evidence-backed recommendation provided.,,0.7,1,35.0
Portugal,PRT,institutional_analyst,D1,CONTRIBUTED,Evidence-backed recommendation provided.,,0.82,9,22.0
Portugal,PRT,institutional_analyst,D2,CONTRIBUTED,Evidence-backed recommendation provided.,,0.67,7,62.0
Portugal,PRT,institutional_analyst,D3,CONTRIBUTED,Evidence-backed recommendation provided.,,0.9,8,88.0
Portugal,PRT,institutional_analyst,D4,CONTRIBUTED,Evidence-backed recommendation provided.,,0.83,7,28.0
Portugal,PRT,historical_analyst,D1,CONTRIBUTED,Evidence-backed recommendation provided.,,0.85,5,30.0
Portugal,PRT,historical_analyst,D2,CONTRIBUTED,Evidence-backed recommendation provided.,,0.75,5,65.0
Portugal,PRT,historical_analyst,D3,CONTRIBUTED,Evidence-backed recommendation provided.,,0.8,5,42.0
Portugal,PRT,historical_analyst,D4,CONTRIBUTED,Evidence-backed recommendation provided.,,0.8,5,35.0
Serbia,SRB,cultural_anthropologist,D1,CONTRIBUTED,Evidence-backed recommendation provided.,,0.9,2,25.0
Serbia,SRB,cultural_anthropologist,D2,ABSTAINED,Insufficient ethnographic evidence specific to emotional expression norms (openness vs suppression) in Serbia based on lived social practice; more focused evidence needed.,ABSTAINED_INSUFFICIENT_EVIDENCE,0.0,0,
Serbia,SRB,cultural_anthropologist,D3,CONTRIBUTED,Evidence-backed recommendation provided.,,0.9,2,92.0
Serbia,SRB,cultural_anthropologist,D4,CONTRIBUTED,Evidence-backed recommendation provided.,,0.8,1,43.0
Serbia,SRB,institutional_analyst,D1,CONTRIBUTED,Evidence-backed recommendation provided.,,0.85,8,22.0
Serbia,SRB,institutional_analyst,D2,CONTRIBUTED,Evidence-backed recommendation provided.,,0.72,8,75.0
Serbia,SRB,institutional_analyst,D3,CONTRIBUTED,Evidence-backed recommendation provided.,,0.82,7,78.0
Serbia,SRB,institutional_analyst,D4,CONTRIBUTED,Evidence-backed recommendation provided.,,0.75,6,42.0
Serbia,SRB,historical_analyst,D1,CONTRIBUTED,Evidence-backed recommendation provided.,,0.85,4,25.0
Serbia,SRB,historical_analyst,D2,CONTRIBUTED,Evidence-backed recommendation provided.,,0.75,4,45.0
Serbia,SRB,historical_analyst,D3,CONTRIBUTED,Evidence-backed recommendation provided.,,0.8,5,30.0
Serbia,SRB,historical_analyst,D4,CONTRIBUTED,Evidence-backed recommendation provided.,,0.7,4,70.0
Slovakia,SVK,cultural_anthropologist,D1,CONTRIBUTED,Evidence-backed recommendation provided.,,0.75,3,35.0
Slovakia,SVK,cultural_anthropologist,D2,CONTRIBUTED,Evidence-backed recommendation provided.,,0.65,2,45.0
Slovakia,SVK,cultural_anthropologist,D3,CONTRIBUTED,Evidence-backed recommendation provided.,,0.7,2,70.0
Slovakia,SVK,cultural_anthropologist,D4,CONTRIBUTED,Evidence-backed recommendation provided.,,0.6,2,55.0
Slovakia,SVK,institutional_analyst,D1,CONTRIBUTED,Evidence-backed recommendation provided.,,0.72,8,42.0
Slovakia,SVK,institutional_analyst,D2,CONTRIBUTED,Evidence-backed recommendation provided.,,0.74,7,28.0
Slovakia,SVK,institutional_analyst,D3,CONTRIBUTED,Evidence-backed recommendation provided.,,0.7,8,65.0
Slovakia,SVK,institutional_analyst,D4,CONTRIBUTED,Evidence-backed recommendation provided.,,0.68,7,68.0
Slovakia,SVK,historical_analyst,D1,CONTRIBUTED,Evidence-backed recommendation provided.,,0.8,5,42.0
Slovakia,SVK,historical_analyst,D2,CONTRIBUTED,Evidence-backed recommendation provided.,,0.75,4,35.0
Slovakia,SVK,historical_analyst,D3,CONTRIBUTED,Evidence-backed recommendation provided.,,0.75,4,70.0
Slovakia,SVK,historical_analyst,D4,CONTRIBUTED,Evidence-backed recommendation provided.,,0.6,4,55.0
Sweden,SWE,cultural_anthropologist,D1,CONTRIBUTED,Evidence-backed recommendation provided.,,0.8,3,85.0
Sweden,SWE,cultural_anthropologist,D2,CONTRIBUTED,Evidence-backed recommendation provided.,,0.7,3,45.0
Sweden,SWE,cultural_anthropologist,D3,CONTRIBUTED,Evidence-backed recommendation provided.,,0.75,2,55.0
Sweden,SWE,cultural_anthropologist,D4,CONTRIBUTED,Evidence-backed recommendation provided.,,0.9,1,20.0
Sweden,SWE,institutional_analyst,D1,CONTRIBUTED,Evidence-backed recommendation provided.,,0.82,9,78.0
Sweden,SWE,institutional_analyst,D2,CONTRIBUTED,Evidence-backed recommendation provided.,,0.79,7,28.0
Sweden,SWE,institutional_analyst,D3,CONTRIBUTED,Evidence-backed recommendation provided.,,0.8,7,25.0
Sweden,SWE,institutional_analyst,D4,CONTRIBUTED,Evidence-backed recommendation provided.,,0.88,7,12.0
Sweden,SWE,historical_analyst,D1,CONTRIBUTED,Evidence-backed recommendation provided.,,0.8,3,79.0
Sweden,SWE,historical_analyst,D2,CONTRIBUTED,Evidence-backed recommendation provided.,,0.85,3,35.0
Sweden,SWE,historical_analyst,D3,CONTRIBUTED,Evidence-backed recommendation provided.,,0.7,3,85.0
Sweden,SWE,historical_analyst,D4,CONTRIBUTED,Evidence-backed recommendation provided.,,0.9,3,32.0
Thailand,THA,cultural_anthropologist,D1,CONTRIBUTED,Evidence-backed recommendation provided.,,0.8,2,26.0
Thailand,THA,cultural_anthropologist,D2,CONTRIBUTED,Evidence-backed recommendation provided.,,0.7,2,36.0
Thailand,THA,cultural_anthropologist,D3,CONTRIBUTED,Evidence-backed recommendation provided.,,0.8,1,80.0
Thailand,THA,cultural_anthropologist,D4,CONTRIBUTED,Evidence-backed recommendation provided.,,0.7,1,45.0
Thailand,THA,institutional_analyst,D1,CONTRIBUTED,Evidence-backed recommendation provided.,,0.9,7,18.0
Thailand,THA,institutional_analyst,D2,CONTRIBUTED,Evidence-backed recommendation provided.,,0.82,8,25.0
Thailand,THA,institutional_analyst,D3,CONTRIBUTED,Evidence-backed recommendation provided.,,0.78,8,58.0
Thailand,THA,institutional_analyst,D4,CONTRIBUTED,Evidence-backed recommendation provided.,,0.87,6,28.0
Thailand,THA,historical_analyst,D1,CONTRIBUTED,Evidence-backed recommendation provided.,,0.85,4,32.0
Thailand,THA,historical_analyst,D2,CONTRIBUTED,Evidence-backed recommendation provided.,,0.8,4,28.0
Thailand,THA,historical_analyst,D3,CONTRIBUTED,Evidence-backed recommendation provided.,,0.75,4,44.0
Thailand,THA,historical_analyst,D4,CONTRIBUTED,Evidence-backed recommendation provided.,,0.8,4,28.0
Taiwan,TWN,cultural_anthropologist,D1,CONTRIBUTED,Evidence-backed recommendation provided.,,0.8,2,15.0
Taiwan,TWN,cultural_anthropologist,D2,ABSTAINED,"No adequate ethnographic evidence found on freedom of emotional expression vs hierarchical suppression at the social level, so abstaining.",ABSTAINED_INSUFFICIENT_EVIDENCE,0.0,0,
Taiwan,TWN,cultural_anthropologist,D3,CONTRIBUTED,Evidence-backed recommendation provided.,,0.8,2,70.0
Taiwan,TWN,cultural_anthropologist,D4,CONTRIBUTED,Evidence-backed recommendation provided.,,0.7,1,45.0
Taiwan,TWN,institutional_analyst,D1,CONTRIBUTED,Evidence-backed recommendation provided.,,0.88,8,18.0
Taiwan,TWN,institutional_analyst,D2,CONTRIBUTED,Evidence-backed recommendation provided.,,0.82,7,24.0
Taiwan,TWN,institutional_analyst,D3,CONTRIBUTED,Evidence-backed recommendation provided.,,0.85,7,68.0
Taiwan,TWN,institutional_analyst,D4,CONTRIBUTED,Evidence-backed recommendation provided.,,0.78,6,62.0
Taiwan,TWN,historical_analyst,D1,CONTRIBUTED,Evidence-backed recommendation provided.,,0.8,3,70.0
Taiwan,TWN,historical_analyst,D2,CONTRIBUTED,Evidence-backed recommendation provided.,,0.85,4,35.0
Taiwan,TWN,historical_analyst,D3,CONTRIBUTED,Evidence-backed recommendation provided.,,0.75,4,65.0
Taiwan,TWN,historical_analyst,D4,CONTRIBUTED,Evidence-backed recommendation provided.,,0.8,3,75.0
Ukraine,UKR,cultural_anthropologist,D1,CONTRIBUTED,Evidence-backed recommendation provided.,,0.6,2,55.0
Ukraine,UKR,cultural_anthropologist,D2,ABSTAINED,Insufficient ethnographic evidence on emotional expression freedom vs. suppression in everyday life contexts.,ABSTAINED_INSUFFICIENT_EVIDENCE,0.1,0,
Ukraine,UKR,cultural_anthropologist,D3,ABSTAINED,"No direct evidence about psychological need for rules, order, or predictability in everyday social norms (distinct from institutional governance).",ABSTAINED_INSUFFICIENT_EVIDENCE,0.1,0,
Ukraine,UKR,cultural_anthropologist,D4,ABSTAINED,"No sufficient ethnographic evidence on achievement‑orientation versus harmony orientation in lived, everyday contexts.",ABSTAINED_INSUFFICIENT_EVIDENCE,0.1,0,
Ukraine,UKR,institutional_analyst,D1,CONTRIBUTED,Evidence-backed recommendation provided.,,0.75,9,32.0
Ukraine,UKR,institutional_analyst,D2,CONTRIBUTED,Evidence-backed recommendation provided.,,0.7,8,62.0
Ukraine,UKR,institutional_analyst,D3,CONTRIBUTED,Evidence-backed recommendation provided.,,0.8,6,85.0
Ukraine,UKR,institutional_analyst,D4,CONTRIBUTED,Evidence-backed recommendation provided.,,0.75,6,33.0
Ukraine,UKR,historical_analyst,D1,CONTRIBUTED,Evidence-backed recommendation provided.,,0.85,5,25.0
Ukraine,UKR,historical_analyst,D2,CONTRIBUTED,Evidence-backed recommendation provided.,,0.75,5,55.0
Ukraine,UKR,historical_analyst,D3,CONTRIBUTED,Evidence-backed recommendation provided.,,0.8,5,75.0
Ukraine,UKR,historical_analyst,D4,CONTRIBUTED,Evidence-backed recommendation provided.,,0.7,5,60.0
United States,USA,cultural_anthropologist,D1,CONTRIBUTED,Evidence-backed recommendation provided.,,0.85,4,90.0
United States,USA,cultural_anthropologist,D2,CONTRIBUTED,Evidence-backed recommendation provided.,,0.65,3,60.0
United States,USA,cultural_anthropologist,D3,CONTRIBUTED,Evidence-backed recommendation provided.,,0.6,3,50.0
United States,USA,cultural_anthropologist,D4,CONTRIBUTED,Evidence-backed recommendation provided.,,0.75,2,80.0
United States,USA,institutional_analyst,D1,CONTRIBUTED,Evidence-backed recommendation provided.,,0.95,9,93.0
United States,USA,institutional_analyst,D2,CONTRIBUTED,Evidence-backed recommendation provided.,,0.78,6,72.0
United States,USA,institutional_analyst,D3,CONTRIBUTED,Evidence-backed recommendation provided.,,0.82,6,42.0
United States,USA,institutional_analyst,D4,CONTRIBUTED,Evidence-backed recommendation provided.,,0.85,6,80.0
United States,USA,historical_analyst,D1,CONTRIBUTED,Evidence-backed recommendation provided.,,0.95,5,91.0
United States,USA,historical_analyst,D2,CONTRIBUTED,Evidence-backed recommendation provided.,,0.85,4,75.0
United States,USA,historical_analyst,D3,CONTRIBUTED,Evidence-backed recommendation provided.,,0.8,5,40.0
United States,USA,historical_analyst,D4,CONTRIBUTED,Evidence-backed recommendation provided.,,0.85,5,75.0
Venezuela,VEN,cultural_anthropologist,D1,CONTRIBUTED,Evidence-backed recommendation provided.,,0.8,3,30.0
Venezuela,VEN,cultural_anthropologist,D2,ABSTAINED,No clear ethnographic or anthropological evidence found concerning emotional openness vs hierarchical suppression of expression in everyday Venezuelan social life.,ABSTAINED_INSUFFICIENT_EVIDENCE,0.0,0,
Venezuela,VEN,cultural_anthropologist,D3,ABSTAINED,"No evidence located about psychological need for rules, order, predictability, or uncertainty avoidance that pertain to everyday lived cultural norms (as opposed to governance) sufficient to score.",ABSTAINED_INSUFFICIENT_EVIDENCE,0.0,0,
Venezuela,VEN,cultural_anthropologist,D4,ABSTAINED,"No ethnographic evidence found about whether Venezuelan culture favors achievement, competition and performance versus harmony, relationships and quality of life in a way that grounds Drive dimension scoring.",ABSTAINED_INSUFFICIENT_EVIDENCE,0.0,0,
Venezuela,VEN,institutional_analyst,D1,CONTRIBUTED,Evidence-backed recommendation provided.,,0.92,7,12.0
Venezuela,VEN,institutional_analyst,D2,CONTRIBUTED,Evidence-backed recommendation provided.,,0.78,8,72.0
Venezuela,VEN,institutional_analyst,D3,CONTRIBUTED,Evidence-backed recommendation provided.,,0.74,7,65.0
Venezuela,VEN,institutional_analyst,D4,CONTRIBUTED,Evidence-backed recommendation provided.,,0.8,6,68.0
Venezuela,VEN,historical_analyst,D1,CONTRIBUTED,Evidence-backed recommendation provided.,,0.8,3,12.0
Venezuela,VEN,historical_analyst,D2,CONTRIBUTED,Evidence-backed recommendation provided.,,0.7,3,68.0
Venezuela,VEN,historical_analyst,D3,CONTRIBUTED,Evidence-backed recommendation provided.,,0.7,3,20.0
Venezuela,VEN,historical_analyst,D4,CONTRIBUTED,Evidence-backed recommendation provided.,,0.6,3,41.0
South Africa,ZAF,cultural_anthropologist,D1,CONTRIBUTED,Evidence-backed recommendation provided.,,0.85,4,60.0
South Africa,ZAF,cultural_anthropologist,D2,ABSTAINED,Abstained: no citable evidence for this dimension.,ABSTAINED_INSUFFICIENT_EVIDENCE,0.0,0,
South Africa,ZAF,cultural_anthropologist,D3,ABSTAINED,Abstained: no citable evidence for this dimension.,ABSTAINED_INSUFFICIENT_EVIDENCE,0.0,0,
South Africa,ZAF,cultural_anthropologist,D4,ABSTAINED,Abstained: no citable evidence for this dimension.,ABSTAINED_INSUFFICIENT_EVIDENCE,0.0,0,
South Africa,ZAF,institutional_analyst,D1,CONTRIBUTED,Evidence-backed recommendation provided.,,0.72,9,42.0
South Africa,ZAF,institutional_analyst,D2,CONTRIBUTED,Evidence-backed recommendation provided.,,0.7,7,60.0
South Africa,ZAF,institutional_analyst,D3,CONTRIBUTED,Evidence-backed recommendation provided.,,0.68,5,44.0
South Africa,ZAF,institutional_analyst,D4,CONTRIBUTED,Evidence-backed recommendation provided.,,0.69,6,60.0
South Africa,ZAF,historical_analyst,D1,CONTRIBUTED,Evidence-backed recommendation provided.,,0.8,5,35.0
South Africa,ZAF,historical_analyst,D2,CONTRIBUTED,Evidence-backed recommendation provided.,,0.75,5,75.0
South Africa,ZAF,historical_analyst,D3,CONTRIBUTED,Evidence-backed recommendation provided.,,0.7,5,40.0
South Africa,ZAF,historical_analyst,D4,CONTRIBUTED,Evidence-backed recommendation provided.,,0.75,5,70.0
Zimbabwe,ZWE,cultural_anthropologist,D1,CONTRIBUTED,Evidence-backed recommendation provided.,,0.8,4,30.0
Zimbabwe,ZWE,cultural_anthropologist,D2,ABSTAINED,"No strong ethnographic or anthropological evidence found on the openness or restraint of emotional expression, hierarchy, or suppression of expression in everyday social interactions in Zimbabwe. Cannot score without sources.",ABSTAINED_INSUFFICIENT_EVIDENCE,0.0,0,
Zimbabwe,ZWE,cultural_anthropologist,D3,ABSTAINED,"No specific evidence located regarding cultural need for rules, order, predictability, or uncertainty avoidance in Zimbabwean lived experience. Unable to assess.",ABSTAINED_INSUFFICIENT_EVIDENCE,0.0,0,
Zimbabwe,ZWE,cultural_anthropologist,D4,ABSTAINED,"No ethnographic evidence found regarding cultural emphasis on achievement, competition versus harmony and relationships. Unable to assess.",ABSTAINED_INSUFFICIENT_EVIDENCE,0.0,0,
Zimbabwe,ZWE,institutional_analyst,D1,CONTRIBUTED,Evidence-backed recommendation provided.,,0.82,9,14.0
Zimbabwe,ZWE,institutional_analyst,D2,CONTRIBUTED,Evidence-backed recommendation provided.,,0.74,6,27.0
Zimbabwe,ZWE,institutional_analyst,D3,CONTRIBUTED,Evidence-backed recommendation provided.,,0.7,6,38.0
Zimbabwe,ZWE,institutional_analyst,D4,CONTRIBUTED,Evidence-backed recommendation provided.,,0.72,7,63.0
Zimbabwe,ZWE,historical_analyst,D1,CONTRIBUTED,Evidence-backed recommendation provided.,,0.8,3,80.0
Zimbabwe,ZWE,historical_analyst,D2,CONTRIBUTED,Evidence-backed recommendation provided.,,0.7,2,45.0
Zimbabwe,ZWE,historical_analyst,D3,CONTRIBUTED,Evidence-backed recommendation provided.,,0.75,2,35.0
Zimbabwe,ZWE,historical_analyst,D4,CONTRIBUTED,Evidence-backed recommendation provided.,,0.8,2,75.0
Angola,AGO,cultural_anthropologist,D1,CONTRIBUTED,Evidence-backed recommendation provided.,,0.7,3,30.0
Angola,AGO,cultural_anthropologist,D2,ABSTAINED,I found no clear ethnographic evidence concerning freedom of emotional expression or hierarchical suppression in everyday Angolan social life. Thus I must abstain.,ABSTAINED_INSUFFICIENT_EVIDENCE,0.2,0,
Angola,AGO,cultural_anthropologist,D3,CONTRIBUTED,Evidence-backed recommendation provided.,,0.8,3,75.0
Angola,AGO,cultural_anthropologist,D4,CONTRIBUTED,Evidence-backed recommendation provided.,,0.6,2,60.0
Angola,AGO,institutional_analyst,D1,CONTRIBUTED,Evidence-backed recommendation provided.,,0.77,9,17.0
Angola,AGO,institutional_analyst,D2,CONTRIBUTED,Evidence-backed recommendation provided.,,0.68,7,63.0
Angola,AGO,institutional_analyst,D3,CONTRIBUTED,Evidence-backed recommendation provided.,,0.72,7,33.0
Angola,AGO,institutional_analyst,D4,CONTRIBUTED,Evidence-backed recommendation provided.,,0.65,6,36.0
Angola,AGO,historical_analyst,D1,CONTRIBUTED,Evidence-backed recommendation provided.,,0.88,5,27.0
Angola,AGO,historical_analyst,D2,CONTRIBUTED,Evidence-backed recommendation provided.,,0.82,5,35.0
Angola,AGO,historical_analyst,D3,CONTRIBUTED,Evidence-backed recommendation provided.,,0.78,5,68.0
Angola,AGO,historical_analyst,D4,CONTRIBUTED,Evidence-backed recommendation provided.,,0.8,5,45.0
Albania,ALB,cultural_anthropologist,D1,CONTRIBUTED,Evidence-backed recommendation provided.,,0.6,3,35.0
Albania,ALB,cultural_anthropologist,D2,CONTRIBUTED,Evidence-backed recommendation provided.,,0.5,1,60.0
Albania,ALB,cultural_anthropologist,D3,CONTRIBUTED,Evidence-backed recommendation provided.,,0.7,1,70.0
Albania,ALB,cultural_anthropologist,D4,CONTRIBUTED,Evidence-backed recommendation provided.,,0.5,1,40.0
Albania,ALB,institutional_analyst,D1,CONTRIBUTED,Evidence-backed recommendation provided.,,0.87,10,18.0
Albania,ALB,institutional_analyst,D2,CONTRIBUTED,Evidence-backed recommendation provided.,,0.72,8,65.0
Albania,ALB,institutional_analyst,D3,CONTRIBUTED,Evidence-backed recommendation provided.,,0.82,7,67.0
Albania,ALB,institutional_analyst,D4,CONTRIBUTED,Evidence-backed recommendation provided.,,0.83,7,76.0
Albania,ALB,historical_analyst,D1,CONTRIBUTED,Evidence-backed recommendation provided.,,0.7,4,73.0
Albania,ALB,historical_analyst,D2,CONTRIBUTED,Evidence-backed recommendation provided.,,0.6,4,78.0
Albania,ALB,historical_analyst,D3,CONTRIBUTED,Evidence-backed recommendation provided.,,0.8,4,27.0
Albania,ALB,historical_analyst,D4,CONTRIBUTED,Evidence-backed recommendation provided.,,0.7,4,62.0
United Arab Emirates,ARE,cultural_anthropologist,D1,CONTRIBUTED,Evidence-backed recommendation provided.,,0.8,2,30.0
United Arab Emirates,ARE,cultural_anthropologist,D2,CONTRIBUTED,Evidence-backed recommendation provided.,,0.7,2,25.0
United Arab Emirates,ARE,cultural_anthropologist,D3,CONTRIBUTED,Evidence-backed recommendation provided.,,0.9,2,80.0
United Arab Emirates,ARE,cultural_anthropologist,D4,CONTRIBUTED,Evidence-backed recommendation provided.,,0.8,2,70.0
United Arab Emirates,ARE,institutional_analyst,D1,CONTRIBUTED,Evidence-backed recommendation provided.,,0.82,9,18.0
United Arab Emirates,ARE,institutional_analyst,D2,CONTRIBUTED,Evidence-backed recommendation provided.,,0.65,8,52.0
United Arab Emirates,ARE,institutional_analyst,D3,CONTRIBUTED,Evidence-backed recommendation provided.,,0.82,7,74.0
United Arab Emirates,ARE,institutional_analyst,D4,CONTRIBUTED,Evidence-backed recommendation provided.,,0.72,8,62.0
United Arab Emirates,ARE,historical_analyst,D1,CONTRIBUTED,Evidence-backed recommendation provided.,,0.85,4,35.0
United Arab Emirates,ARE,historical_analyst,D2,CONTRIBUTED,Evidence-backed recommendation provided.,,0.8,3,30.0
United Arab Emirates,ARE,historical_analyst,D3,CONTRIBUTED,Evidence-backed recommendation provided.,,0.8,3,75.0
United Arab Emirates,ARE,historical_analyst,D4,CONTRIBUTED,Evidence-backed recommendation provided.,,0.75,3,80.0
Armenia,ARM,cultural_anthropologist,D1,CONTRIBUTED,Evidence-backed recommendation provided.,,0.6,3,60.0
Armenia,ARM,cultural_anthropologist,D2,CONTRIBUTED,Evidence-backed recommendation provided.,,0.5,1,40.0
Armenia,ARM,cultural_anthropologist,D3,CONTRIBUTED,Evidence-backed recommendation provided.,,0.6,1,70.0
Armenia,ARM,cultural_anthropologist,D4,CONTRIBUTED,Evidence-backed recommendation provided.,,0.6,2,50.0
Armenia,ARM,institutional_analyst,D1,CONTRIBUTED,Evidence-backed recommendation provided.,,0.75,8,28.0
Armenia,ARM,institutional_analyst,D2,CONTRIBUTED,Evidence-backed recommendation provided.,,0.78,6,22.0
Armenia,ARM,institutional_analyst,D3,CONTRIBUTED,Evidence-backed recommendation provided.,,0.76,7,80.0
Armenia,ARM,institutional_analyst,D4,CONTRIBUTED,Evidence-backed recommendation provided.,,0.68,7,62.0
Armenia,ARM,historical_analyst,D1,CONTRIBUTED,Evidence-backed recommendation provided.,,0.85,3,25.0
Armenia,ARM,historical_analyst,D2,CONTRIBUTED,Evidence-backed recommendation provided.,,0.7,2,40.0
Armenia,ARM,historical_analyst,D3,CONTRIBUTED,Evidence-backed recommendation provided.,,0.75,3,65.0
Armenia,ARM,historical_analyst,D4,CONTRIBUTED,Evidence-backed recommendation provided.,,0.8,3,85.0
Belgium,BEL,cultural_anthropologist,D1,CONTRIBUTED,Evidence-backed recommendation provided.,,0.8,3,45.0
Belgium,BEL,cultural_anthropologist,D2,CONTRIBUTED,Evidence-backed recommendation provided.,,0.75,2,40.0
Belgium,BEL,cultural_anthropologist,D3,CONTRIBUTED,Evidence-backed recommendation provided.,,0.85,2,70.0
Belgium,BEL,cultural_anthropologist,D4,CONTRIBUTED,Evidence-backed recommendation provided.,,0.75,2,55.0
Belgium,BEL,institutional_analyst,D1,CONTRIBUTED,Evidence-backed recommendation provided.,,0.85,10,78.0
Belgium,BEL,institutional_analyst,D2,CONTRIBUTED,Evidence-backed recommendation provided.,,0.8,9,32.0
Belgium,BEL,institutional_analyst,D3,CONTRIBUTED,Evidence-backed recommendation provided.,,0.88,10,85.0
Belgium,BEL,institutional_analyst,D4,CONTRIBUTED,Evidence-backed recommendation provided.,,0.78,9,42.0
Belgium,BEL,historical_analyst,D1,CONTRIBUTED,Evidence-backed recommendation provided.,,0.85,4,75.0
Belgium,BEL,historical_analyst,D2,CONTRIBUTED,Evidence-backed recommendation provided.,,0.8,4,45.0
Belgium,BEL,historical_analyst,D3,CONTRIBUTED,Evidence-backed recommendation provided.,,0.9,4,80.0
Belgium,BEL,historical_analyst,D4,CONTRIBUTED,Evidence-backed recommendation provided.,,0.8,4,50.0
Bangladesh,BGD,cultural_anthropologist,D1,CONTRIBUTED,Evidence-backed recommendation provided.,,0.8,2,25.0
Bangladesh,BGD,cultural_anthropologist,D2,ABSTAINED,Insufficient ethnographic evidence on emotional expression freedom vs. restraint in everyday social contexts.,ABSTAINED_INSUFFICIENT_EVIDENCE,0.2,0,
Bangladesh,BGD,cultural_anthropologist,D3,ABSTAINED,"No clear evidence on cultural need for rules, order, or discomfort with ambiguity; governance quality not a proxy.",ABSTAINED_INSUFFICIENT_EVIDENCE,0.2,0,
Bangladesh,BGD,cultural_anthropologist,D4,ABSTAINED,Lacking concrete ethnographic evidence on achievement‑oriented vs. harmony‑oriented cultural drive.,ABSTAINED_INSUFFICIENT_EVIDENCE,0.2,0,
Bangladesh,BGD,institutional_analyst,D1,CONTRIBUTED,Evidence-backed recommendation provided.,,0.93,12,12.0
Bangladesh,BGD,institutional_analyst,D2,CONTRIBUTED,Evidence-backed recommendation provided.,,0.82,9,22.0
Bangladesh,BGD,institutional_analyst,D3,CONTRIBUTED,Evidence-backed recommendation provided.,,0.78,9,62.0
Bangladesh,BGD,institutional_analyst,D4,CONTRIBUTED,Evidence-backed recommendation provided.,,0.74,8,58.0
Bangladesh,BGD,historical_analyst,D1,CONTRIBUTED,Evidence-backed recommendation provided.,,0.85,4,30.0
Bangladesh,BGD,historical_analyst,D2,CONTRIBUTED,Evidence-backed recommendation provided.,,0.8,4,25.0
Bangladesh,BGD,historical_analyst,D3,CONTRIBUTED,Evidence-backed recommendation provided.,,0.75,4,45.0
Bangladesh,BGD,historical_analyst,D4,CONTRIBUTED,Evidence-backed recommendation provided.,,0.8,4,70.0
Bulgaria,BGR,cultural_anthropologist,D1,CONTRIBUTED,Evidence-backed recommendation provided.,,0.6,3,45.0
Bulgaria,BGR,cultural_anthropologist,D2,ABSTAINED,Abstained: no citable evidence for this dimension.,ABSTAINED_INSUFFICIENT_EVIDENCE,0.0,0,
Bulgaria,BGR,cultural_anthropologist,D3,CONTRIBUTED,Evidence-backed recommendation provided.,,0.5,1,60.0
Bulgaria,BGR,cultural_anthropologist,D4,CONTRIBUTED,Evidence-backed recommendation provided.,,0.6,2,50.0
Bulgaria,BGR,institutional_analyst,D1,CONTRIBUTED,Evidence-backed recommendation provided.,,0.72,8,42.0
Bulgaria,BGR,institutional_analyst,D2,CONTRIBUTED,Evidence-backed recommendation provided.,,0.65,7,58.0
Bulgaria,BGR,institutional_analyst,D3,CONTRIBUTED,Evidence-backed recommendation provided.,,0.85,6,82.0
Bulgaria,BGR,institutional_analyst,D4,CONTRIBUTED,Evidence-backed recommendation provided.,,0.78,6,35.0
Bulgaria,BGR,historical_analyst,D1,CONTRIBUTED,Evidence-backed recommendation provided.,,0.8,3,45.0
Bulgaria,BGR,historical_analyst,D2,CONTRIBUTED,Evidence-backed recommendation provided.,,0.7,3,30.0
Bulgaria,BGR,historical_analyst,D3,CONTRIBUTED,Evidence-backed recommendation provided.,,0.8,3,75.0
Bulgaria,BGR,historical_analyst,D4,CONTRIBUTED,Evidence-backed recommendation provided.,,0.7,4,55.0
Cameroon,CMR,cultural_anthropologist,D1,CONTRIBUTED,Evidence-backed recommendation provided.,,0.7,3,25.0
Cameroon,CMR,cultural_anthropologist,D2,ABSTAINED,Abstained: no citable evidence for this dimension.,ABSTAINED_INSUFFICIENT_EVIDENCE,0.0,0,
Cameroon,CMR,cultural_anthropologist,D3,CONTRIBUTED,Evidence-backed recommendation provided.,,0.6,3,70.0
Cameroon,CMR,cultural_anthropologist,D4,ABSTAINED,Abstained: no citable evidence for this dimension.,ABSTAINED_INSUFFICIENT_EVIDENCE,0.0,0,
Cameroon,CMR,institutional_analyst,D1,CONTRIBUTED,Evidence-backed recommendation provided.,,0.82,11,18.0
Cameroon,CMR,institutional_analyst,D2,CONTRIBUTED,Evidence-backed recommendation provided.,,0.72,6,38.0
Cameroon,CMR,institutional_analyst,D3,CONTRIBUTED,Evidence-backed recommendation provided.,,0.58,6,45.0
Cameroon,CMR,institutional_analyst,D4,CONTRIBUTED,Evidence-backed recommendation provided.,,0.65,6,55.0
Cameroon,CMR,historical_analyst,D1,CONTRIBUTED,Evidence-backed recommendation provided.,,0.85,4,20.0
Cameroon,CMR,historical_analyst,D2,CONTRIBUTED,Evidence-backed recommendation provided.,,0.75,3,40.0
Cameroon,CMR,historical_analyst,D3,CONTRIBUTED,Evidence-backed recommendation provided.,,0.8,4,30.0
Cameroon,CMR,historical_analyst,D4,CONTRIBUTED,Evidence-backed recommendation provided.,,0.78,4,65.0
Cyprus,CYP,cultural_anthropologist,D1,CONTRIBUTED,Evidence-backed recommendation provided.,,0.75,3,60.0
Cyprus,CYP,cultural_anthropologist,D2,CONTRIBUTED,Evidence-backed recommendation provided.,,0.65,2,45.0
Cyprus,CYP,cultural_anthropologist,D3,CONTRIBUTED,Evidence-backed recommendation provided.,,0.8,2,70.0
Cyprus,CYP,cultural_anthropologist,D4,CONTRIBUTED,Evidence-backed recommendation provided.,,0.6,2,50.0
Cyprus,CYP,institutional_analyst,D1,CONTRIBUTED,Evidence-backed recommendation provided.,,0.82,10,42.0
Cyprus,CYP,institutional_analyst,D2,CONTRIBUTED,Evidence-backed recommendation provided.,,0.72,7,68.0
Cyprus,CYP,institutional_analyst,D3,CONTRIBUTED,Evidence-backed recommendation provided.,,0.8,8,78.0
Cyprus,CYP,institutional_analyst,D4,CONTRIBUTED,Evidence-backed recommendation provided.,,0.68,6,52.0
Cyprus,CYP,historical_analyst,D1,CONTRIBUTED,Evidence-backed recommendation provided.,,0.8,3,35.0
Cyprus,CYP,historical_analyst,D2,CONTRIBUTED,Evidence-backed recommendation provided.,,0.7,3,55.0
Cyprus,CYP,historical_analyst,D3,CONTRIBUTED,Evidence-backed recommendation provided.,,0.7,3,40.0
Cyprus,CYP,historical_analyst,D4,CONTRIBUTED,Evidence-backed recommendation provided.,,0.7,3,50.0
Estonia,EST,cultural_anthropologist,D1,CONTRIBUTED,Evidence-backed recommendation provided.,,0.6,2,40.0
Estonia,EST,cultural_anthropologist,D2,CONTRIBUTED,Evidence-backed recommendation provided.,,0.7,3,30.0
Estonia,EST,cultural_anthropologist,D3,ABSTAINED,"I found no ethnographic or lived-experience evidence about orderliness, planning, discomfort with ambiguity, or rule adherence in everyday life; governance details are not valid for this dimension. Abstaining.",ABSTAINED_INSUFFICIENT_EVIDENCE,0.0,0,
Estonia,EST,cultural_anthropologist,D4,ABSTAINED,No clear evidence related to achievement‑orientation vs harmony/acceptance in everyday cultural practice—no ethnographic sources on striving or competition. Abstaining.,ABSTAINED_INSUFFICIENT_EVIDENCE,0.0,0,
Estonia,EST,institutional_analyst,D1,CONTRIBUTED,Evidence-backed recommendation provided.,,0.78,10,76.0
Estonia,EST,institutional_analyst,D2,CONTRIBUTED,Evidence-backed recommendation provided.,,0.82,10,22.0
Estonia,EST,institutional_analyst,D3,CONTRIBUTED,Evidence-backed recommendation provided.,,0.74,9,65.0
Estonia,EST,institutional_analyst,D4,CONTRIBUTED,Evidence-backed recommendation provided.,,0.68,8,38.0
Estonia,EST,historical_analyst,D1,CONTRIBUTED,Evidence-backed recommendation provided.,,0.8,5,75.0
Estonia,EST,historical_analyst,D2,CONTRIBUTED,Evidence-backed recommendation provided.,,0.8,5,35.0
Estonia,EST,historical_analyst,D3,CONTRIBUTED,Evidence-backed recommendation provided.,,0.7,5,70.0
Estonia,EST,historical_analyst,D4,CONTRIBUTED,Evidence-backed recommendation provided.,,0.7,5,60.0
Ghana,GHA,cultural_anthropologist,D1,CONTRIBUTED,Evidence-backed recommendation provided.,,0.6,3,30.0
Ghana,GHA,cultural_anthropologist,D2,CONTRIBUTED,Evidence-backed recommendation provided.,,0.7,2,40.0
Ghana,GHA,cultural_anthropologist,D3,CONTRIBUTED,Evidence-backed recommendation provided.,,0.7,2,30.0
Ghana,GHA,cultural_anthropologist,D4,ABSTAINED,"Insufficient ethnographic evidence on achievement‑orientation vs acceptance or harmony in everyday lived experience; Masculinity/Drive dimensions not documented clearly to justify a score, so abstaining.",ABSTAINED_INSUFFICIENT_EVIDENCE,0.3,0,50.0
Ghana,GHA,institutional_analyst,D1,CONTRIBUTED,Evidence-backed recommendation provided.,,0.91,9,12.0
Ghana,GHA,institutional_analyst,D2,CONTRIBUTED,Evidence-backed recommendation provided.,,0.74,7,38.0
Ghana,GHA,institutional_analyst,D3,CONTRIBUTED,Evidence-backed recommendation provided.,,0.72,8,60.0
Ghana,GHA,institutional_analyst,D4,CONTRIBUTED,Evidence-backed recommendation provided.,,0.76,7,30.0
Ghana,GHA,historical_analyst,D1,CONTRIBUTED,Evidence-backed recommendation provided.,,0.85,5,15.0
Ghana,GHA,historical_analyst,D2,CONTRIBUTED,Evidence-backed recommendation provided.,,0.8,5,65.0
Ghana,GHA,historical_analyst,D3,CONTRIBUTED,Evidence-backed recommendation provided.,,0.7,5,30.0
Ghana,GHA,historical_analyst,D4,CONTRIBUTED,Evidence-backed recommendation provided.,,0.75,5,45.0
Croatia,HRV,cultural_anthropologist,D1,CONTRIBUTED,Evidence-backed recommendation provided.,,0.8,2,30.0
Croatia,HRV,cultural_anthropologist,D2,ABSTAINED,No sufficient ethnographic or anthropological evidence located on freedom of emotional expression or suppression in daily Croatian life to assess this dimension reliably.,ABSTAINED_INSUFFICIENT_EVIDENCE,0.0,0,
Croatia,HRV,cultural_anthropologist,D3,ABSTAINED,"No specific evidence found regarding cultural need for rules, predictability, or discomfort with ambiguity per the ethnographic lifespan–daily practices required to reliably assess this dimension.",ABSTAINED_INSUFFICIENT_EVIDENCE,0.0,0,
Croatia,HRV,cultural_anthropologist,D4,ABSTAINED,Absent evidence on achievement‑orientation versus harmony/relationships in lived Croatian cultural settings; cannot assess Drive with current sources.,ABSTAINED_INSUFFICIENT_EVIDENCE,0.0,0,
Croatia,HRV,institutional_analyst,D1,CONTRIBUTED,Evidence-backed recommendation provided.,,0.75,6,62.0
Croatia,HRV,institutional_analyst,D2,CONTRIBUTED,Evidence-backed recommendation provided.,,0.7,6,38.0
Croatia,HRV,institutional_analyst,D3,CONTRIBUTED,Evidence-backed recommendation provided.,,0.82,6,78.0
Croatia,HRV,institutional_analyst,D4,CONTRIBUTED,Evidence-backed recommendation provided.,,0.75,6,35.0
Croatia,HRV,historical_analyst,D1,CONTRIBUTED,Evidence-backed recommendation provided.,,0.75,5,67.0
Croatia,HRV,historical_analyst,D2,CONTRIBUTED,Evidence-backed recommendation provided.,,0.7,5,40.0
Croatia,HRV,historical_analyst,D3,CONTRIBUTED,Evidence-backed recommendation provided.,,0.7,5,35.0
Croatia,HRV,historical_analyst,D4,CONTRIBUTED,Evidence-backed recommendation provided.,,0.7,4,55.0
Iraq,IRQ,cultural_anthropologist,D1,CONTRIBUTED,Evidence-backed recommendation provided.,,0.8,2,20.0
Iraq,IRQ,cultural_anthropologist,D2,ABSTAINED,No clear ethnographic or anthropological evidence on the degree of emotional openness versus restraint in Iraqi culture was found; directness vs emotional suppression not documented sufficiently.,ABSTAINED_INSUFFICIENT_EVIDENCE,0.0,0,
Iraq,IRQ,cultural_anthropologist,D3,ABSTAINED,"No specific evidence retrieved on psychological need for order, rules, or certainty in everyday Iraqi life; governance or institutions discussed but not relevant to Structure.",ABSTAINED_INSUFFICIENT_EVIDENCE,0.0,0,
Iraq,IRQ,cultural_anthropologist,D4,ABSTAINED,Insufficient ethnographic evidence regarding achievement-orientation versus relational acceptance to score Drive.,ABSTAINED_INSUFFICIENT_EVIDENCE,0.0,0,
Iraq,IRQ,institutional_analyst,D1,CONTRIBUTED,Evidence-backed recommendation provided.,,0.88,9,14.0
Iraq,IRQ,institutional_analyst,D2,CONTRIBUTED,Evidence-backed recommendation provided.,,0.72,8,52.0
Iraq,IRQ,institutional_analyst,D3,CONTRIBUTED,Evidence-backed recommendation provided.,,0.83,8,78.0
Iraq,IRQ,institutional_analyst,D4,CONTRIBUTED,Evidence-backed recommendation provided.,,0.65,7,55.0
Iraq,IRQ,historical_analyst,D1,CONTRIBUTED,Evidence-backed recommendation provided.,,0.85,4,30.0
Iraq,IRQ,historical_analyst,D2,CONTRIBUTED,Evidence-backed recommendation provided.,,0.7,4,40.0
Iraq,IRQ,historical_analyst,D3,CONTRIBUTED,Evidence-backed recommendation provided.,,0.75,4,35.0
Iraq,IRQ,historical_analyst,D4,CONTRIBUTED,Evidence-backed recommendation provided.,,0.7,3,55.0
Iceland,ISL,cultural_anthropologist,D1,CONTRIBUTED,Evidence-backed recommendation provided.,,0.6,2,60.0
Iceland,ISL,cultural_anthropologist,D2,ABSTAINED,No credible ethnographic evidence found yet regarding emotional openness vs suppression in Icelandic everyday culture.,ABSTAINED_INSUFFICIENT_EVIDENCE,0.0,0,
Iceland,ISL,cultural_anthropologist,D3,ABSTAINED,"No clear data on comfort with ambiguity, rule-following, orderliness or social conformity found in ethnographic sources.",ABSTAINED_INSUFFICIENT_EVIDENCE,0.0,0,
Iceland,ISL,cultural_anthropologist,D4,ABSTAINED,No specific evidence yet on achievement-orientation vs harmony/value-of-life cultural orientation in Iceland from ethnographic sources.,ABSTAINED_INSUFFICIENT_EVIDENCE,0.0,0,
Iceland,ISL,institutional_analyst,D1,CONTRIBUTED,Evidence-backed recommendation provided.,,0.82,10,82.0
Iceland,ISL,institutional_analyst,D2,CONTRIBUTED,Evidence-backed recommendation provided.,,0.75,8,72.0
Iceland,ISL,institutional_analyst,D3,CONTRIBUTED,Evidence-backed recommendation provided.,,0.78,7,35.0
Iceland,ISL,institutional_analyst,D4,CONTRIBUTED,Evidence-backed recommendation provided.,,0.8,8,32.0
Iceland,ISL,historical_analyst,D1,CONTRIBUTED,Evidence-backed recommendation provided.,,0.8,3,75.0
Iceland,ISL,historical_analyst,D2,CONTRIBUTED,Evidence-backed recommendation provided.,,0.7,2,55.0
Iceland,ISL,historical_analyst,D3,CONTRIBUTED,Evidence-backed recommendation provided.,,0.8,3,35.0
Iceland,ISL,historical_analyst,D4,CONTRIBUTED,Evidence-backed recommendation provided.,,0.8,3,70.0
Jamaica,JAM,cultural_anthropologist,D1,CONTRIBUTED,Evidence-backed recommendation provided.,,0.7,4,70.0
Jamaica,JAM,cultural_anthropologist,D2,CONTRIBUTED,Evidence-backed recommendation provided.,,0.5,2,60.0
Jamaica,JAM,cultural_anthropologist,D3,CONTRIBUTED,Evidence-backed recommendation provided.,,0.3,1,40.0
Jamaica,JAM,cultural_anthropologist,D4,CONTRIBUTED,Evidence-backed recommendation provided.,,0.2,1,50.0
Jamaica,JAM,institutional_analyst,D1,CONTRIBUTED,Evidence-backed recommendation provided.,,0.72,8,38.0
Jamaica,JAM,institutional_analyst,D2,CONTRIBUTED,Evidence-backed recommendation provided.,,0.74,7,78.0
Jamaica,JAM,institutional_analyst,D3,CONTRIBUTED,Evidence-backed recommendation provided.,,0.82,6,20.0
Jamaica,JAM,institutional_analyst,D4,CONTRIBUTED,Evidence-backed recommendation provided.,,0.68,6,65.0
Jamaica,JAM,historical_analyst,D1,CONTRIBUTED,Evidence-backed recommendation provided.,,0.8,6,38.0
Jamaica,JAM,historical_analyst,D2,CONTRIBUTED,Evidence-backed recommendation provided.,,0.75,6,72.0
Jamaica,JAM,historical_analyst,D3,CONTRIBUTED,Evidence-backed recommendation provided.,,0.7,6,28.0
Jamaica,JAM,historical_analyst,D4,CONTRIBUTED,Evidence-backed recommendation provided.,,0.8,6,70.0
Kyrgyzstan,KGZ,cultural_anthropologist,D1,CONTRIBUTED,Evidence-backed recommendation provided.,,0.8,3,25.0
Kyrgyzstan,KGZ,cultural_anthropologist,D2,ABSTAINED,No direct ethnographic evidence found about emotional expressiveness or hierarchical suppression of expression in everyday life to score.,ABSTAINED_INSUFFICIENT_EVIDENCE,0.0,0,
Kyrgyzstan,KGZ,cultural_anthropologist,D3,ABSTAINED,"No explicit evidence on norms of uncertainty avoidance, rule-following, or need for order in the ethnographic literature consulted.",ABSTAINED_INSUFFICIENT_EVIDENCE,0.0,0,
Kyrgyzstan,KGZ,cultural_anthropologist,D4,ABSTAINED,No clear anthropological evidence on whether Kyrgyz culture emphasizes achievement-striving versus harmony/acceptance in everyday social norms.,ABSTAINED_INSUFFICIENT_EVIDENCE,0.0,0,
Kyrgyzstan,KGZ,institutional_analyst,D1,CONTRIBUTED,Evidence-backed recommendation provided.,,0.82,10,18.0
Kyrgyzstan,KGZ,institutional_analyst,D2,CONTRIBUTED,Evidence-backed recommendation provided.,,0.62,7,52.0
Kyrgyzstan,KGZ,institutional_analyst,D3,CONTRIBUTED,Evidence-backed recommendation provided.,,0.7,6,38.0
Kyrgyzstan,KGZ,institutional_analyst,D4,CONTRIBUTED,Evidence-backed recommendation provided.,,0.6,7,48.0
Kyrgyzstan,KGZ,historical_analyst,D1,CONTRIBUTED,Evidence-backed recommendation provided.,,0.7,4,72.0
Kyrgyzstan,KGZ,historical_analyst,D2,CONTRIBUTED,Evidence-backed recommendation provided.,,0.65,3,45.0
Kyrgyzstan,KGZ,historical_analyst,D3,CONTRIBUTED,Evidence-backed recommendation provided.,,0.7,3,30.0
Kyrgyzstan,KGZ,historical_analyst,D4,CONTRIBUTED,Evidence-backed recommendation provided.,,0.65,3,65.0
Kuwait,KWT,cultural_anthropologist,D1,CONTRIBUTED,Evidence-backed recommendation provided.,,0.8,2,15.0
Kuwait,KWT,cultural_anthropologist,D2,ABSTAINED,No substantial ethnographic or field‑based evidence located regarding freedom or restraint of emotional expression independent of hierarchical suppression or volume. Evidence exists regarding religious gatherings and aesthetic display but not structural openness of emotional expression. Cannot assess D2 reliably.,ABSTAINED_INSUFFICIENT_EVIDENCE,0.0,0,
Kuwait,KWT,cultural_anthropologist,D3,CONTRIBUTED,Evidence-backed recommendation provided.,,0.7,2,65.0
Kuwait,KWT,cultural_anthropologist,D4,CONTRIBUTED,Evidence-backed recommendation provided.,,0.6,2,40.0
Kuwait,KWT,institutional_analyst,D1,CONTRIBUTED,Evidence-backed recommendation provided.,,0.82,9,18.0
Kuwait,KWT,institutional_analyst,D2,CONTRIBUTED,Evidence-backed recommendation provided.,,0.72,7,35.0
Kuwait,KWT,institutional_analyst,D3,CONTRIBUTED,Evidence-backed recommendation provided.,,0.78,8,76.0
Kuwait,KWT,institutional_analyst,D4,CONTRIBUTED,Evidence-backed recommendation provided.,,0.68,5,38.0
Kuwait,KWT,historical_analyst,D1,CONTRIBUTED,Evidence-backed recommendation provided.,,0.88,6,33.0
Kuwait,KWT,historical_analyst,D2,CONTRIBUTED,Evidence-backed recommendation provided.,,0.85,4,92.0
Kuwait,KWT,historical_analyst,D3,CONTRIBUTED,Evidence-backed recommendation provided.,,0.82,6,25.0
Kuwait,KWT,historical_analyst,D4,CONTRIBUTED,Evidence-backed recommendation provided.,,0.8,6,75.0
Lebanon,LBN,cultural_anthropologist,D1,CONTRIBUTED,Evidence-backed recommendation provided.,,0.75,4,35.0
Lebanon,LBN,cultural_anthropologist,D2,ABSTAINED,No sufficient ethnographic evidence located regarding structural freedom or suppression of emotional expression or social energy in Lebanon.,ABSTAINED_INSUFFICIENT_EVIDENCE,0.0,0,
Lebanon,LBN,cultural_anthropologist,D3,ABSTAINED,"Insufficient lived‑experience ethnographic evidence regarding norms of order, predictability, or discomfort with ambiguity in everyday life. Rule of sectarian legalism exists but pertains to institutions, not everyday psychological structure.",ABSTAINED_INSUFFICIENT_EVIDENCE,0.0,0,
Lebanon,LBN,cultural_anthropologist,D4,CONTRIBUTED,Evidence-backed recommendation provided.,,0.7,2,55.0
Lebanon,LBN,institutional_analyst,D1,CONTRIBUTED,Evidence-backed recommendation provided.,,0.85,11,18.0
Lebanon,LBN,institutional_analyst,D2,CONTRIBUTED,Evidence-backed recommendation provided.,,0.75,7,72.0
Lebanon,LBN,institutional_analyst,D3,CONTRIBUTED,Evidence-backed recommendation provided.,,0.7,7,38.0
Lebanon,LBN,institutional_analyst,D4,CONTRIBUTED,Evidence-backed recommendation provided.,,0.72,7,68.0
Lebanon,LBN,historical_analyst,D1,CONTRIBUTED,Evidence-backed recommendation provided.,,0.85,5,40.0
Lebanon,LBN,historical_analyst,D2,CONTRIBUTED,Evidence-backed recommendation provided.,,0.8,4,70.0
Lebanon,LBN,historical_analyst,D3,CONTRIBUTED,Evidence-backed recommendation provided.,,0.9,4,30.0
Lebanon,LBN,historical_analyst,D4,CONTRIBUTED,Evidence-backed recommendation provided.,,0.85,4,75.0
Libya,LBY,cultural_anthropologist,D1,CONTRIBUTED,Evidence-backed recommendation provided.,,0.7,4,30.0
Libya,LBY,cultural_anthropologist,D2,ABSTAINED,"No substantial ethnographic or lived-experience sources were found that directly address the freedom or suppression of emotional expression in Libya, as distinguished from directness or reserve. Thus, abstained.",ABSTAINED_INSUFFICIENT_EVIDENCE,0.0,0,
Libya,LBY,cultural_anthropologist,D3,CONTRIBUTED,Evidence-backed recommendation provided.,,0.6,3,50.0
Libya,LBY,cultural_anthropologist,D4,CONTRIBUTED,Evidence-backed recommendation provided.,,0.6,3,40.0
Libya,LBY,institutional_analyst,D1,CONTRIBUTED,Evidence-backed recommendation provided.,,0.85,10,18.0
Libya,LBY,institutional_analyst,D2,CONTRIBUTED,Evidence-backed recommendation provided.,,0.68,6,38.0
Libya,LBY,institutional_analyst,D3,CONTRIBUTED,Evidence-backed recommendation provided.,,0.72,7,68.0
Libya,LBY,institutional_analyst,D4,CONTRIBUTED,Evidence-backed recommendation provided.,,0.65,5,35.0
Libya,LBY,historical_analyst,D1,CONTRIBUTED,Evidence-backed recommendation provided.,,0.85,3,28.0
Libya,LBY,historical_analyst,D2,CONTRIBUTED,Evidence-backed recommendation provided.,,0.75,3,55.0
Libya,LBY,historical_analyst,D3,CONTRIBUTED,Evidence-backed recommendation provided.,,0.8,3,30.0
Libya,LBY,historical_analyst,D4,CONTRIBUTED,Evidence-backed recommendation provided.,,0.7,3,70.0
Srilanka,LKA,cultural_anthropologist,D1,CONTRIBUTED,Evidence-backed recommendation provided.,,0.8,2,30.0
Srilanka,LKA,cultural_anthropologist,D2,ABSTAINED,No clear ethnographic evidence on freedom of emotional expression vs hierarchical suppression; insufficient data to propose score.,ABSTAINED_INSUFFICIENT_EVIDENCE,0.0,0,
Srilanka,LKA,cultural_anthropologist,D3,CONTRIBUTED,Evidence-backed recommendation provided.,,0.75,2,65.0
Srilanka,LKA,cultural_anthropologist,D4,ABSTAINED,Insufficient ethnographic or Hofstede-based evidence on achievement orientation vs harmony to score Drive.,ABSTAINED_INSUFFICIENT_EVIDENCE,0.0,0,
Srilanka,LKA,institutional_analyst,D1,CONTRIBUTED,Evidence-backed recommendation provided.,,0.85,9,20.0
Srilanka,LKA,institutional_analyst,D2,CONTRIBUTED,Evidence-backed recommendation provided.,,0.75,8,28.0
Srilanka,LKA,institutional_analyst,D3,CONTRIBUTED,Evidence-backed recommendation provided.,,0.72,6,42.0
Srilanka,LKA,institutional_analyst,D4,CONTRIBUTED,Evidence-backed recommendation provided.,,0.82,7,25.0
Srilanka,LKA,historical_analyst,D1,CONTRIBUTED,Evidence-backed recommendation provided.,,0.85,3,30.0
Srilanka,LKA,historical_analyst,D2,CONTRIBUTED,Evidence-backed recommendation provided.,,0.75,3,45.0
Srilanka,LKA,historical_analyst,D3,CONTRIBUTED,Evidence-backed recommendation provided.,,0.8,4,70.0
Srilanka,LKA,historical_analyst,D4,CONTRIBUTED,Evidence-backed recommendation provided.,,0.7,3,60.0
Lithuania,LTU,cultural_anthropologist,D1,CONTRIBUTED,Evidence-backed recommendation provided.,,0.7,3,50.0
Lithuania,LTU,cultural_anthropologist,D2,CONTRIBUTED,Evidence-backed recommendation provided.,,0.6,2,40.0
Lithuania,LTU,cultural_anthropologist,D3,CONTRIBUTED,Evidence-backed recommendation provided.,,0.7,2,60.0
Lithuania,LTU,cultural_anthropologist,D4,CONTRIBUTED,Evidence-backed recommendation provided.,,0.6,2,45.0
Lithuania,LTU,institutional_analyst,D1,CONTRIBUTED,Evidence-backed recommendation provided.,,0.72,9,60.0
Lithuania,LTU,institutional_analyst,D2,CONTRIBUTED,Evidence-backed recommendation provided.,,0.74,6,28.0
Lithuania,LTU,institutional_analyst,D3,CONTRIBUTED,Evidence-backed recommendation provided.,,0.7,7,68.0
Lithuania,LTU,institutional_analyst,D4,CONTRIBUTED,Evidence-backed recommendation provided.,,0.67,7,62.0
Lithuania,LTU,historical_analyst,D1,CONTRIBUTED,Evidence-backed recommendation provided.,,0.75,3,57.0
Lithuania,LTU,historical_analyst,D2,CONTRIBUTED,Evidence-backed recommendation provided.,,0.7,3,44.0
Lithuania,LTU,historical_analyst,D3,CONTRIBUTED,Evidence-backed recommendation provided.,,0.8,3,72.0
Lithuania,LTU,historical_analyst,D4,CONTRIBUTED,Evidence-backed recommendation provided.,,0.7,3,66.0
Latvia,LVA,cultural_anthropologist,D1,CONTRIBUTED,Evidence-backed recommendation provided.,,0.8,2,75.0
Latvia,LVA,cultural_anthropologist,D2,CONTRIBUTED,Evidence-backed recommendation provided.,,0.7,2,30.0
Latvia,LVA,cultural_anthropologist,D3,CONTRIBUTED,Evidence-backed recommendation provided.,,0.8,2,80.0
Latvia,LVA,cultural_anthropologist,D4,CONTRIBUTED,Evidence-backed recommendation provided.,,0.6,2,45.0
Latvia,LVA,institutional_analyst,D1,CONTRIBUTED,Evidence-backed recommendation provided.,,0.72,6,65.0
Latvia,LVA,institutional_analyst,D2,CONTRIBUTED,Evidence-backed recommendation provided.,,0.78,7,28.0
Latvia,LVA,institutional_analyst,D3,CONTRIBUTED,Evidence-backed recommendation provided.,,0.7,5,60.0
Latvia,LVA,institutional_analyst,D4,CONTRIBUTED,Evidence-backed recommendation provided.,,0.73,5,32.0
Latvia,LVA,historical_analyst,D1,CONTRIBUTED,Evidence-backed recommendation provided.,,0.8,3,65.0
Latvia,LVA,historical_analyst,D2,CONTRIBUTED,Evidence-backed recommendation provided.,,0.75,3,40.0
Latvia,LVA,historical_analyst,D3,CONTRIBUTED,Evidence-backed recommendation provided.,,0.8,3,75.0
Latvia,LVA,historical_analyst,D4,CONTRIBUTED,Evidence-backed recommendation provided.,,0.7,3,55.0
Mozambique,MOZ,cultural_anthropologist,D1,CONTRIBUTED,Evidence-backed recommendation provided.,,0.8,2,20.0
Mozambique,MOZ,cultural_anthropologist,D2,ABSTAINED,No clear ethnographic evidence on emotional expression freedoms or suppression—surface expression vs structural openness—in Mozambique was found in the sources reviewed.,ABSTAINED_INSUFFICIENT_EVIDENCE,0.0,0,
Mozambique,MOZ,cultural_anthropologist,D3,CONTRIBUTED,Evidence-backed recommendation provided.,,0.6,1,40.0
Mozambique,MOZ,cultural_anthropologist,D4,ABSTAINED,No ethnographic evidence regarding achievement orientation vs relational harmony or competition vs acceptance was identified in the sources reviewed.,ABSTAINED_INSUFFICIENT_EVIDENCE,0.0,0,
Mozambique,MOZ,institutional_analyst,D1,CONTRIBUTED,Evidence-backed recommendation provided.,,0.82,10,18.0
Mozambique,MOZ,institutional_analyst,D2,CONTRIBUTED,Evidence-backed recommendation provided.,,0.74,7,32.0
Mozambique,MOZ,institutional_analyst,D3,CONTRIBUTED,Evidence-backed recommendation provided.,,0.68,7,38.0
Mozambique,MOZ,institutional_analyst,D4,CONTRIBUTED,Evidence-backed recommendation provided.,,0.65,5,28.0
Mozambique,MOZ,historical_analyst,D1,CONTRIBUTED,Evidence-backed recommendation provided.,,0.7,3,30.0
Mozambique,MOZ,historical_analyst,D2,CONTRIBUTED,Evidence-backed recommendation provided.,,0.6,3,35.0
Mozambique,MOZ,historical_analyst,D3,CONTRIBUTED,Evidence-backed recommendation provided.,,0.8,3,25.0
Mozambique,MOZ,historical_analyst,D4,CONTRIBUTED,Evidence-backed recommendation provided.,,0.5,3,45.0
Nicaragua,NIC,cultural_anthropologist,D1,CONTRIBUTED,Evidence-backed recommendation provided.,,0.8,3,27.0
Nicaragua,NIC,cultural_anthropologist,D2,CONTRIBUTED,Evidence-backed recommendation provided.,,0.7,2,45.0
Nicaragua,NIC,cultural_anthropologist,D3,CONTRIBUTED,Evidence-backed recommendation provided.,,0.7,1,60.0
Nicaragua,NIC,cultural_anthropologist,D4,CONTRIBUTED,Evidence-backed recommendation provided.,,0.8,2,40.0
Nicaragua,NIC,institutional_analyst,D1,CONTRIBUTED,Evidence-backed recommendation provided.,,0.82,9,18.0
Nicaragua,NIC,institutional_analyst,D2,CONTRIBUTED,Evidence-backed recommendation provided.,,0.7,7,68.0
Nicaragua,NIC,institutional_analyst,D3,CONTRIBUTED,Evidence-backed recommendation provided.,,0.65,8,58.0
Nicaragua,NIC,institutional_analyst,D4,CONTRIBUTED,Evidence-backed recommendation provided.,,0.68,6,32.0
Nicaragua,NIC,historical_analyst,D1,CONTRIBUTED,Evidence-backed recommendation provided.,,0.85,2,25.0
Nicaragua,NIC,historical_analyst,D2,CONTRIBUTED,Evidence-backed recommendation provided.,,0.7,3,75.0
Nicaragua,NIC,historical_analyst,D3,CONTRIBUTED,Evidence-backed recommendation provided.,,0.75,3,35.0
Nicaragua,NIC,historical_analyst,D4,CONTRIBUTED,Evidence-backed recommendation provided.,,0.8,2,30.0
Norway,NOR,cultural_anthropologist,D1,CONTRIBUTED,Evidence-backed recommendation provided.,,0.9,2,80.0
Norway,NOR,cultural_anthropologist,D2,CONTRIBUTED,Evidence-backed recommendation provided.,,0.8,2,30.0
Norway,NOR,cultural_anthropologist,D3,CONTRIBUTED,Evidence-backed recommendation provided.,,0.4,1,60.0
Norway,NOR,cultural_anthropologist,D4,CONTRIBUTED,Evidence-backed recommendation provided.,,0.9,1,10.0
Norway,NOR,institutional_analyst,D1,CONTRIBUTED,Evidence-backed recommendation provided.,,0.82,8,72.0
Norway,NOR,institutional_analyst,D2,CONTRIBUTED,Evidence-backed recommendation provided.,,0.7,7,38.0
Norway,NOR,institutional_analyst,D3,CONTRIBUTED,Evidence-backed recommendation provided.,,0.78,6,48.0
Norway,NOR,institutional_analyst,D4,CONTRIBUTED,Evidence-backed recommendation provided.,,0.9,7,18.0
Norway,NOR,historical_analyst,D1,CONTRIBUTED,Evidence-backed recommendation provided.,,0.85,5,72.0
Norway,NOR,historical_analyst,D2,CONTRIBUTED,Evidence-backed recommendation provided.,,0.8,4,35.0
Norway,NOR,historical_analyst,D3,CONTRIBUTED,Evidence-backed recommendation provided.,,0.8,4,75.0
Norway,NOR,historical_analyst,D4,CONTRIBUTED,Evidence-backed recommendation provided.,,0.85,4,40.0
Nepal,NPL,cultural_anthropologist,D1,CONTRIBUTED,Evidence-backed recommendation provided.,,0.8,3,30.0
Nepal,NPL,cultural_anthropologist,D2,CONTRIBUTED,Evidence-backed recommendation provided.,,0.7,2,25.0
Nepal,NPL,cultural_anthropologist,D3,CONTRIBUTED,Evidence-backed recommendation provided.,,0.5,1,65.0
Nepal,NPL,cultural_anthropologist,D4,CONTRIBUTED,Evidence-backed recommendation provided.,,0.5,1,40.0
Nepal,NPL,institutional_analyst,D1,CONTRIBUTED,Evidence-backed recommendation provided.,,0.82,8,20.0
Nepal,NPL,institutional_analyst,D2,CONTRIBUTED,Evidence-backed recommendation provided.,,0.76,7,28.0
Nepal,NPL,institutional_analyst,D3,CONTRIBUTED,Evidence-backed recommendation provided.,,0.65,7,55.0
Nepal,NPL,institutional_analyst,D4,CONTRIBUTED,Evidence-backed recommendation provided.,,0.72,5,35.0
Nepal,NPL,historical_analyst,D1,CONTRIBUTED,Evidence-backed recommendation provided.,,0.8,3,35.0
Nepal,NPL,historical_analyst,D2,CONTRIBUTED,Evidence-backed recommendation provided.,,0.75,3,40.0
Nepal,NPL,historical_analyst,D3,CONTRIBUTED,Evidence-backed recommendation provided.,,0.7,4,55.0
Nepal,NPL,historical_analyst,D4,CONTRIBUTED,Evidence-backed recommendation provided.,,0.7,3,45.0
Panama,PAN,cultural_anthropologist,D1,CONTRIBUTED,Evidence-backed recommendation provided.,,0.6,3,30.0
Panama,PAN,cultural_anthropologist,D2,CONTRIBUTED,Evidence-backed recommendation provided.,,0.5,2,50.0
Panama,PAN,cultural_anthropologist,D3,CONTRIBUTED,Evidence-backed recommendation provided.,,0.7,3,25.0
Panama,PAN,cultural_anthropologist,D4,CONTRIBUTED,Evidence-backed recommendation provided.,,0.5,1,40.0
Panama,PAN,institutional_analyst,D1,CONTRIBUTED,Evidence-backed recommendation provided.,,0.88,9,10.0
Panama,PAN,institutional_analyst,D2,CONTRIBUTED,Evidence-backed recommendation provided.,,0.7,7,58.0
Panama,PAN,institutional_analyst,D3,CONTRIBUTED,Evidence-backed recommendation provided.,,0.85,7,82.0
Panama,PAN,institutional_analyst,D4,CONTRIBUTED,Evidence-backed recommendation provided.,,0.65,5,38.0
Panama,PAN,historical_analyst,D1,CONTRIBUTED,Evidence-backed recommendation provided.,,0.85,6,17.0
Panama,PAN,historical_analyst,D2,CONTRIBUTED,Evidence-backed recommendation provided.,,0.8,6,72.0
Panama,PAN,historical_analyst,D3,CONTRIBUTED,Evidence-backed recommendation provided.,,0.8,6,38.0
Panama,PAN,historical_analyst,D4,CONTRIBUTED,Evidence-backed recommendation provided.,,0.8,6,67.0
Puerto Rico,PRI,cultural_anthropologist,D1,CONTRIBUTED,Evidence-backed recommendation provided.,,0.75,3,35.0
Puerto Rico,PRI,cultural_anthropologist,D2,ABSTAINED,No clear ethnographically grounded evidence found on emotional expressiveness freedom vs hierarchical suppression. Therefore abstained.,ABSTAINED_INSUFFICIENT_EVIDENCE,0.0,0,
Puerto Rico,PRI,cultural_anthropologist,D3,ABSTAINED,"No specific ethnographic evidence regarding psychological need for structure, order, planning, or intolerance of ambiguity was found. Therefore abstained.",ABSTAINED_INSUFFICIENT_EVIDENCE,0.0,0,
Puerto Rico,PRI,cultural_anthropologist,D4,ABSTAINED,Insufficient ethnographic evidence on achievement‑vs‑harmony orientation in everyday lived culture. Therefore abstained.,ABSTAINED_INSUFFICIENT_EVIDENCE,0.0,0,
Puerto Rico,PRI,institutional_analyst,D1,CONTRIBUTED,Evidence-backed recommendation provided.,,0.88,9,22.0
Puerto Rico,PRI,institutional_analyst,D2,CONTRIBUTED,Evidence-backed recommendation provided.,,0.85,7,86.0
Puerto Rico,PRI,institutional_analyst,D3,CONTRIBUTED,Evidence-backed recommendation provided.,,0.8,5,33.0
Puerto Rico,PRI,institutional_analyst,D4,CONTRIBUTED,Evidence-backed recommendation provided.,,0.76,6,60.0
Puerto Rico,PRI,historical_analyst,D1,CONTRIBUTED,Evidence-backed recommendation provided.,,0.85,3,25.0
Puerto Rico,PRI,historical_analyst,D2,CONTRIBUTED,Evidence-backed recommendation provided.,,0.8,3,68.0
Puerto Rico,PRI,historical_analyst,D3,CONTRIBUTED,Evidence-backed recommendation provided.,,0.8,3,30.0
Puerto Rico,PRI,historical_analyst,D4,CONTRIBUTED,Evidence-backed recommendation provided.,,0.75,3,55.0
Saudi Arabia,SAU,cultural_anthropologist,D1,CONTRIBUTED,Evidence-backed recommendation provided.,,0.8,3,30.0
Saudi Arabia,SAU,cultural_anthropologist,D2,CONTRIBUTED,Evidence-backed recommendation provided.,,0.7,1,40.0
Saudi Arabia,SAU,cultural_anthropologist,D3,CONTRIBUTED,Evidence-backed recommendation provided.,,0.9,1,85.0
Saudi Arabia,SAU,cultural_anthropologist,D4,CONTRIBUTED,Evidence-backed recommendation provided.,,0.8,1,60.0
Saudi Arabia,SAU,institutional_analyst,D1,CONTRIBUTED,Evidence-backed recommendation provided.,,0.92,9,15.0
Saudi Arabia,SAU,institutional_analyst,D2,CONTRIBUTED,Evidence-backed recommendation provided.,,0.83,8,28.0
Saudi Arabia,SAU,institutional_analyst,D3,CONTRIBUTED,Evidence-backed recommendation provided.,,0.88,8,82.0
Saudi Arabia,SAU,institutional_analyst,D4,CONTRIBUTED,Evidence-backed recommendation provided.,,0.78,7,62.0
Saudi Arabia,SAU,historical_analyst,D1,CONTRIBUTED,Evidence-backed recommendation provided.,,0.75,3,38.0
Saudi Arabia,SAU,historical_analyst,D2,CONTRIBUTED,Evidence-backed recommendation provided.,,0.7,3,28.0
Saudi Arabia,SAU,historical_analyst,D3,CONTRIBUTED,Evidence-backed recommendation provided.,,0.7,3,82.0
Saudi Arabia,SAU,historical_analyst,D4,CONTRIBUTED,Evidence-backed recommendation provided.,,0.7,3,72.0
Senegal,SEN,cultural_anthropologist,D1,CONTRIBUTED,Evidence-backed recommendation provided.,,0.8,5,30.0
Senegal,SEN,cultural_anthropologist,D2,ABSTAINED,Abstained: no citable evidence for this dimension.,ABSTAINED_INSUFFICIENT_EVIDENCE,0.0,0,
Senegal,SEN,cultural_anthropologist,D3,ABSTAINED,Abstained: no citable evidence for this dimension.,ABSTAINED_INSUFFICIENT_EVIDENCE,0.0,0,
Senegal,SEN,cultural_anthropologist,D4,ABSTAINED,Abstained: no citable evidence for this dimension.,ABSTAINED_INSUFFICIENT_EVIDENCE,0.0,0,
Senegal,SEN,institutional_analyst,D1,CONTRIBUTED,Evidence-backed recommendation provided.,,0.88,10,14.0
Senegal,SEN,institutional_analyst,D2,CONTRIBUTED,Evidence-backed recommendation provided.,,0.68,9,55.0
Senegal,SEN,institutional_analyst,D3,CONTRIBUTED,Evidence-backed recommendation provided.,,0.72,6,42.0
Senegal,SEN,institutional_analyst,D4,CONTRIBUTED,Evidence-backed recommendation provided.,,0.65,6,38.0
Senegal,SEN,historical_analyst,D1,CONTRIBUTED,Evidence-backed recommendation provided.,,0.85,4,25.0
Senegal,SEN,historical_analyst,D2,CONTRIBUTED,Evidence-backed recommendation provided.,,0.75,4,75.0
Senegal,SEN,historical_analyst,D3,CONTRIBUTED,Evidence-backed recommendation provided.,,0.7,4,40.0
Senegal,SEN,historical_analyst,D4,CONTRIBUTED,Evidence-backed recommendation provided.,,0.7,4,45.0
El Salvador,SLV,cultural_anthropologist,D1,CONTRIBUTED,Evidence-backed recommendation provided.,,0.7,3,35.0
El Salvador,SLV,cultural_anthropologist,D2,CONTRIBUTED,Evidence-backed recommendation provided.,,0.6,2,65.0
El Salvador,SLV,cultural_anthropologist,D3,CONTRIBUTED,Evidence-backed recommendation provided.,,0.6,2,50.0
El Salvador,SLV,cultural_anthropologist,D4,CONTRIBUTED,Evidence-backed recommendation provided.,,0.5,2,55.0
El Salvador,SLV,institutional_analyst,D1,CONTRIBUTED,Evidence-backed recommendation provided.,,0.88,8,18.0
El Salvador,SLV,institutional_analyst,D2,CONTRIBUTED,Evidence-backed recommendation provided.,,0.72,7,62.0
El Salvador,SLV,institutional_analyst,D3,CONTRIBUTED,Evidence-backed recommendation provided.,,0.87,7,88.0
El Salvador,SLV,institutional_analyst,D4,CONTRIBUTED,Evidence-backed recommendation provided.,,0.75,6,38.0
El Salvador,SLV,historical_analyst,D1,CONTRIBUTED,Evidence-backed recommendation provided.,,0.85,4,29.0
El Salvador,SLV,historical_analyst,D2,CONTRIBUTED,Evidence-backed recommendation provided.,,0.7,4,55.0
El Salvador,SLV,historical_analyst,D3,CONTRIBUTED,Evidence-backed recommendation provided.,,0.75,4,78.0
El Salvador,SLV,historical_analyst,D4,CONTRIBUTED,Evidence-backed recommendation provided.,,0.7,4,42.0
Suriname,SUR,cultural_anthropologist,D1,CONTRIBUTED,Evidence-backed recommendation provided.,,0.7,5,25.0
Suriname,SUR,cultural_anthropologist,D2,ABSTAINED,I found no direct ethnographic or field‑based evidence on emotional display norms or structural freedom of expression in Suriname to reliably assess D2. Thus I abstain from scoring.,ABSTAINED_INSUFFICIENT_EVIDENCE,0.2,0,50.0
Suriname,SUR,cultural_anthropologist,D3,ABSTAINED,"No evidence yet found about cultural need for rules, order, punctuality or discomfort with ambiguity. Cannot assess D3 with confidence.",ABSTAINED_INSUFFICIENT_EVIDENCE,0.0,0,
Suriname,SUR,cultural_anthropologist,D4,ABSTAINED,"No evidence yet found regarding achievement‑orientation, competition, performance versus relational harmony preferences. Cannot assess D4.",ABSTAINED_INSUFFICIENT_EVIDENCE,0.0,0,
Suriname,SUR,institutional_analyst,D1,CONTRIBUTED,Evidence-backed recommendation provided.,,0.72,10,22.0
Suriname,SUR,institutional_analyst,D2,CONTRIBUTED,Evidence-backed recommendation provided.,,0.65,8,68.0
Suriname,SUR,institutional_analyst,D3,CONTRIBUTED,Evidence-backed recommendation provided.,,0.6,8,48.0
Suriname,SUR,institutional_analyst,D4,CONTRIBUTED,Evidence-backed recommendation provided.,,0.62,6,35.0
Suriname,SUR,historical_analyst,D1,CONTRIBUTED,Evidence-backed recommendation provided.,,0.8,3,40.0
Suriname,SUR,historical_analyst,D2,CONTRIBUTED,Evidence-backed recommendation provided.,,0.7,3,60.0
Suriname,SUR,historical_analyst,D3,CONTRIBUTED,Evidence-backed recommendation provided.,,0.7,3,45.0
Suriname,SUR,historical_analyst,D4,CONTRIBUTED,Evidence-backed recommendation provided.,,0.7,3,35.0
Slovenia,SVN,cultural_anthropologist,D1,CONTRIBUTED,Evidence-backed recommendation provided.,,0.85,2,30.0
Slovenia,SVN,cultural_anthropologist,D2,CONTRIBUTED,Evidence-backed recommendation provided.,,0.75,2,35.0
Slovenia,SVN,cultural_anthropologist,D3,CONTRIBUTED,Evidence-backed recommendation provided.,,0.9,2,80.0
Slovenia,SVN,cultural_anthropologist,D4,CONTRIBUTED,Evidence-backed recommendation provided.,,0.8,2,25.0
Slovenia,SVN,institutional_analyst,D1,CONTRIBUTED,Evidence-backed recommendation provided.,,0.72,8,32.0
Slovenia,SVN,institutional_analyst,D2,CONTRIBUTED,Evidence-backed recommendation provided.,,0.65,6,35.0
Slovenia,SVN,institutional_analyst,D3,CONTRIBUTED,Evidence-backed recommendation provided.,,0.8,7,80.0
Slovenia,SVN,institutional_analyst,D4,CONTRIBUTED,Evidence-backed recommendation provided.,,0.77,7,25.0
Slovenia,SVN,historical_analyst,D1,CONTRIBUTED,Evidence-backed recommendation provided.,,0.85,6,73.0
Slovenia,SVN,historical_analyst,D2,CONTRIBUTED,Evidence-backed recommendation provided.,,0.8,6,42.0
Slovenia,SVN,historical_analyst,D3,CONTRIBUTED,Evidence-backed recommendation provided.,,0.85,6,78.0
Slovenia,SVN,historical_analyst,D4,CONTRIBUTED,Evidence-backed recommendation provided.,,0.75,6,56.0
Trinidad And Tobago,TTO,cultural_anthropologist,D1,CONTRIBUTED,Evidence-backed recommendation provided.,,0.85,5,50.0
Trinidad And Tobago,TTO,cultural_anthropologist,D2,ABSTAINED,No specific ethnographic evidence was found regarding freedom of emotional expression versus hierarchical suppression—i.e. emotional openness not volume or directness. Therefore abstaining.,ABSTAINED_INSUFFICIENT_EVIDENCE,0.0,0,
Trinidad And Tobago,TTO,cultural_anthropologist,D3,ABSTAINED,"No evidence found focusing on cognitive need for order, rules, predictability, or discomfort with ambiguity. Thus cannot reliably score.",ABSTAINED_INSUFFICIENT_EVIDENCE,0.0,0,
Trinidad And Tobago,TTO,cultural_anthropologist,D4,ABSTAINED,No direct ethnographic evidence on achievement‑orientation versus harmony values in everyday life was located. Cannot assign score.,ABSTAINED_INSUFFICIENT_EVIDENCE,0.0,0,
Trinidad And Tobago,TTO,institutional_analyst,D1,CONTRIBUTED,Evidence-backed recommendation provided.,,0.78,10,22.0
Trinidad And Tobago,TTO,institutional_analyst,D2,CONTRIBUTED,Evidence-backed recommendation provided.,,0.8,9,82.0
Trinidad And Tobago,TTO,institutional_analyst,D3,CONTRIBUTED,Evidence-backed recommendation provided.,,0.68,9,35.0
Trinidad And Tobago,TTO,institutional_analyst,D4,CONTRIBUTED,Evidence-backed recommendation provided.,,0.72,8,62.0
Trinidad And Tobago,TTO,historical_analyst,D1,CONTRIBUTED,Evidence-backed recommendation provided.,,0.8,5,25.0
Trinidad And Tobago,TTO,historical_analyst,D2,CONTRIBUTED,Evidence-backed recommendation provided.,,0.8,5,80.0
Trinidad And Tobago,TTO,historical_analyst,D3,CONTRIBUTED,Evidence-backed recommendation provided.,,0.7,5,35.0
Trinidad And Tobago,TTO,historical_analyst,D4,CONTRIBUTED,Evidence-backed recommendation provided.,,0.7,5,60.0
Tunisia,TUN,cultural_anthropologist,D1,CONTRIBUTED,Evidence-backed recommendation provided.,,0.8,3,30.0
Tunisia,TUN,cultural_anthropologist,D2,CONTRIBUTED,Evidence-backed recommendation provided.,,0.7,2,45.0
Tunisia,TUN,cultural_anthropologist,D3,CONTRIBUTED,Evidence-backed recommendation provided.,,0.8,2,70.0
Tunisia,TUN,cultural_anthropologist,D4,CONTRIBUTED,Evidence-backed recommendation provided.,,0.7,2,50.0
Tunisia,TUN,institutional_analyst,D1,CONTRIBUTED,Evidence-backed recommendation provided.,,0.82,9,20.0
Tunisia,TUN,institutional_analyst,D2,CONTRIBUTED,Evidence-backed recommendation provided.,,0.75,8,30.0
Tunisia,TUN,institutional_analyst,D3,CONTRIBUTED,Evidence-backed recommendation provided.,,0.8,7,70.0
Tunisia,TUN,institutional_analyst,D4,CONTRIBUTED,Evidence-backed recommendation provided.,,0.68,6,33.0
Tunisia,TUN,historical_analyst,D1,CONTRIBUTED,Evidence-backed recommendation provided.,,0.7,3,62.0
Tunisia,TUN,historical_analyst,D2,CONTRIBUTED,Evidence-backed recommendation provided.,,0.65,3,55.0
Tunisia,TUN,historical_analyst,D3,CONTRIBUTED,Evidence-backed recommendation provided.,,0.6,3,48.0
Tunisia,TUN,historical_analyst,D4,CONTRIBUTED,Evidence-backed recommendation provided.,,0.65,3,48.0
Uganda,UGA,cultural_anthropologist,D1,CONTRIBUTED,Evidence-backed recommendation provided.,,0.8,4,20.0
Uganda,UGA,cultural_anthropologist,D2,CONTRIBUTED,Evidence-backed recommendation provided.,,0.7,1,30.0
Uganda,UGA,cultural_anthropologist,D3,CONTRIBUTED,Evidence-backed recommendation provided.,,0.7,3,50.0
Uganda,UGA,cultural_anthropologist,D4,CONTRIBUTED,Evidence-backed recommendation provided.,,0.6,2,40.0
Uganda,UGA,institutional_analyst,D1,CONTRIBUTED,Evidence-backed recommendation provided.,,0.82,11,18.0
Uganda,UGA,institutional_analyst,D2,CONTRIBUTED,Evidence-backed recommendation provided.,,0.65,8,42.0
Uganda,UGA,institutional_analyst,D3,CONTRIBUTED,Evidence-backed recommendation provided.,,0.67,8,52.0
Uganda,UGA,institutional_analyst,D4,CONTRIBUTED,Evidence-backed recommendation provided.,,0.68,8,62.0
Uganda,UGA,historical_analyst,D1,CONTRIBUTED,Evidence-backed recommendation provided.,,0.85,4,27.0
Uganda,UGA,historical_analyst,D2,CONTRIBUTED,Evidence-backed recommendation provided.,,0.75,3,55.0
Uganda,UGA,historical_analyst,D3,CONTRIBUTED,Evidence-backed recommendation provided.,,0.8,3,35.0
Uganda,UGA,historical_analyst,D4,CONTRIBUTED,Evidence-backed recommendation provided.,,0.8,3,70.0
Uruguay,URY,cultural_anthropologist,D1,CONTRIBUTED,Evidence-backed recommendation provided.,,0.6,3,60.0
Uruguay,URY,cultural_anthropologist,D2,ABSTAINED,No clear ethnographic evidence was found that addresses whether Uruguay’s emotional expression is structurally open (freely displayed) or restrained (socially suppressed). Further field-based research on emotional display rules is needed to assess this dimension.,ABSTAINED_INSUFFICIENT_EVIDENCE,0.2,0,50.0
Uruguay,URY,cultural_anthropologist,D3,CONTRIBUTED,Evidence-backed recommendation provided.,,0.7,2,70.0
Uruguay,URY,cultural_anthropologist,D4,CONTRIBUTED,Evidence-backed recommendation provided.,,0.5,2,40.0
Uruguay,URY,institutional_analyst,D1,CONTRIBUTED,Evidence-backed recommendation provided.,,0.72,7,38.0
Uruguay,URY,institutional_analyst,D2,CONTRIBUTED,Evidence-backed recommendation provided.,,0.58,6,50.0
Uruguay,URY,institutional_analyst,D3,CONTRIBUTED,Evidence-backed recommendation provided.,,0.78,6,80.0
Uruguay,URY,institutional_analyst,D4,CONTRIBUTED,Evidence-backed recommendation provided.,,0.75,6,33.0
Uruguay,URY,historical_analyst,D1,CONTRIBUTED,Evidence-backed recommendation provided.,,0.75,4,45.0
Uruguay,URY,historical_analyst,D2,CONTRIBUTED,Evidence-backed recommendation provided.,,0.7,3,60.0
Uruguay,URY,historical_analyst,D3,CONTRIBUTED,Evidence-backed recommendation provided.,,0.7,3,40.0
Uruguay,URY,historical_analyst,D4,CONTRIBUTED,Evidence-backed recommendation provided.,,0.75,3,35.0
Uzbekistan,UZB,cultural_anthropologist,D1,CONTRIBUTED,Evidence-backed recommendation provided.,,0.75,2,20.0
Uzbekistan,UZB,cultural_anthropologist,D2,CONTRIBUTED,Evidence-backed recommendation provided.,,0.7,2,30.0
Uzbekistan,UZB,cultural_anthropologist,D3,CONTRIBUTED,Evidence-backed recommendation provided.,,0.7,2,60.0
Uzbekistan,UZB,cultural_anthropologist,D4,CONTRIBUTED,Evidence-backed recommendation provided.,,0.6,1,40.0
Uzbekistan,UZB,institutional_analyst,D1,CONTRIBUTED,Evidence-backed recommendation provided.,,0.87,11,16.0
Uzbekistan,UZB,institutional_analyst,D2,CONTRIBUTED,Evidence-backed recommendation provided.,,0.72,6,32.0
Uzbekistan,UZB,institutional_analyst,D3,CONTRIBUTED,Evidence-backed recommendation provided.,,0.8,8,76.0
Uzbekistan,UZB,institutional_analyst,D4,CONTRIBUTED,Evidence-backed recommendation provided.,,0.65,7,55.0
Uzbekistan,UZB,historical_analyst,D1,CONTRIBUTED,Evidence-backed recommendation provided.,,0.85,2,20.0
Uzbekistan,UZB,historical_analyst,D2,CONTRIBUTED,Evidence-backed recommendation provided.,,0.8,3,35.0
Uzbekistan,UZB,historical_analyst,D3,CONTRIBUTED,Evidence-backed recommendation provided.,,0.8,3,80.0
Uzbekistan,UZB,historical_analyst,D4,CONTRIBUTED,Evidence-backed recommendation provided.,,0.75,3,55.0
Yemen,YEM,cultural_anthropologist,D1,CONTRIBUTED,Evidence-backed recommendation provided.,,0.8,3,30.0
Yemen,YEM,cultural_anthropologist,D2,CONTRIBUTED,Evidence-backed recommendation provided.,,0.6,2,40.0
Yemen,YEM,cultural_anthropologist,D3,CONTRIBUTED,Evidence-backed recommendation provided.,,0.9,2,80.0
Yemen,YEM,cultural_anthropologist,D4,CONTRIBUTED,Evidence-backed recommendation provided.,,0.7,1,45.0
Yemen,YEM,institutional_analyst,D1,CONTRIBUTED,Evidence-backed recommendation provided.,,0.88,9,9.0
Yemen,YEM,institutional_analyst,D2,CONTRIBUTED,Evidence-backed recommendation provided.,,0.74,8,30.0
Yemen,YEM,institutional_analyst,D3,CONTRIBUTED,Evidence-backed recommendation provided.,,0.77,8,74.0
Yemen,YEM,institutional_analyst,D4,CONTRIBUTED,Evidence-backed recommendation provided.,,0.7,7,28.0
Yemen,YEM,historical_analyst,D1,CONTRIBUTED,Evidence-backed recommendation provided.,,0.85,4,25.0
Yemen,YEM,historical_analyst,D2,CONTRIBUTED,Evidence-backed recommendation provided.,,0.8,3,20.0
Yemen,YEM,historical_analyst,D3,CONTRIBUTED,Evidence-backed recommendation provided.,,0.8,3,25.0
Yemen,YEM,historical_analyst,D4,CONTRIBUTED,Evidence-backed recommendation provided.,,0.75,3,30.0
Afghanistan,AFG,cultural_anthropologist,D1,CONTRIBUTED,Evidence-backed recommendation provided.,,0.8,4,10.0
Afghanistan,AFG,cultural_anthropologist,D2,CONTRIBUTED,Evidence-backed recommendation provided.,,0.6,2,30.0
Afghanistan,AFG,cultural_anthropologist,D3,CONTRIBUTED,Evidence-backed recommendation provided.,,0.7,2,70.0
Afghanistan,AFG,cultural_anthropologist,D4,CONTRIBUTED,Evidence-backed recommendation provided.,,0.6,1,40.0
Afghanistan,AFG,institutional_analyst,D1,CONTRIBUTED,Evidence-backed recommendation provided.,,0.82,9,12.0
Afghanistan,AFG,institutional_analyst,D2,CONTRIBUTED,Evidence-backed recommendation provided.,,0.78,7,18.0
Afghanistan,AFG,institutional_analyst,D3,CONTRIBUTED,Evidence-backed recommendation provided.,,0.7,7,60.0
Afghanistan,AFG,institutional_analyst,D4,CONTRIBUTED,Evidence-backed recommendation provided.,,0.76,6,78.0
Afghanistan,AFG,historical_analyst,D1,CONTRIBUTED,Evidence-backed recommendation provided.,,0.9,4,17.0
Afghanistan,AFG,historical_analyst,D2,CONTRIBUTED,Evidence-backed recommendation provided.,,0.85,3,23.0
Afghanistan,AFG,historical_analyst,D3,CONTRIBUTED,Evidence-backed recommendation provided.,,0.85,3,38.0
Afghanistan,AFG,historical_analyst,D4,CONTRIBUTED,Evidence-backed recommendation provided.,,0.8,3,69.0
Andorra,AND,cultural_anthropologist,D1,CONTRIBUTED,Evidence-backed recommendation provided.,,0.8,3,70.0
Andorra,AND,cultural_anthropologist,D2,CONTRIBUTED,Evidence-backed recommendation provided.,,0.4,1,50.0
Andorra,AND,cultural_anthropologist,D3,CONTRIBUTED,Evidence-backed recommendation provided.,,0.6,2,60.0
Andorra,AND,cultural_anthropologist,D4,CONTRIBUTED,Evidence-backed recommendation provided.,,0.7,1,40.0
Andorra,AND,institutional_analyst,D1,CONTRIBUTED,Evidence-backed recommendation provided.,,0.55,9,52.0
Andorra,AND,institutional_analyst,D2,CONTRIBUTED,Evidence-backed recommendation provided.,,0.5,6,48.0
Andorra,AND,institutional_analyst,D3,CONTRIBUTED,Evidence-backed recommendation provided.,,0.62,7,65.0
Andorra,AND,institutional_analyst,D4,CONTRIBUTED,Evidence-backed recommendation provided.,,0.55,6,55.0
Andorra,AND,historical_analyst,D1,CONTRIBUTED,Evidence-backed recommendation provided.,,0.7,5,80.0
Andorra,AND,historical_analyst,D2,CONTRIBUTED,Evidence-backed recommendation provided.,,0.6,4,55.0
Andorra,AND,historical_analyst,D3,CONTRIBUTED,Evidence-backed recommendation provided.,,0.7,4,70.0
Andorra,AND,historical_analyst,D4,CONTRIBUTED,Evidence-backed recommendation provided.,,0.65,4,65.0
Azerbaijan,AZE,cultural_anthropologist,D1,CONTRIBUTED,Evidence-backed recommendation provided.,,0.7,3,35.0
Azerbaijan,AZE,cultural_anthropologist,D2,CONTRIBUTED,Evidence-backed recommendation provided.,,0.8,4,40.0
Azerbaijan,AZE,cultural_anthropologist,D3,ABSTAINED,Abstained: no citable evidence for this dimension.,ABSTAINED_INSUFFICIENT_EVIDENCE,0.0,0,
Azerbaijan,AZE,cultural_anthropologist,D4,ABSTAINED,Abstained: no citable evidence for this dimension.,ABSTAINED_INSUFFICIENT_EVIDENCE,0.0,0,
Azerbaijan,AZE,institutional_analyst,D1,CONTRIBUTED,Evidence-backed recommendation provided.,,0.85,10,18.0
Azerbaijan,AZE,institutional_analyst,D2,CONTRIBUTED,Evidence-backed recommendation provided.,,0.75,5,32.0
Azerbaijan,AZE,institutional_analyst,D3,CONTRIBUTED,Evidence-backed recommendation provided.,,0.87,7,82.0
Azerbaijan,AZE,institutional_analyst,D4,CONTRIBUTED,Evidence-backed recommendation provided.,,0.7,5,50.0
Azerbaijan,AZE,historical_analyst,D1,CONTRIBUTED,Evidence-backed recommendation provided.,,0.75,2,30.0
Azerbaijan,AZE,historical_analyst,D2,CONTRIBUTED,Evidence-backed recommendation provided.,,0.7,3,45.0
Azerbaijan,AZE,historical_analyst,D3,CONTRIBUTED,Evidence-backed recommendation provided.,,0.7,3,70.0
Azerbaijan,AZE,historical_analyst,D4,CONTRIBUTED,Evidence-backed recommendation provided.,,0.65,2,55.0
Burundi,BDI,cultural_anthropologist,D1,CONTRIBUTED,Evidence-backed recommendation provided.,,0.8,2,30.0
Burundi,BDI,cultural_anthropologist,D2,ABSTAINED,I found insufficient ethnographic evidence regarding emotional openness or freedom from hierarchical suppression in lived practice in Burundi to assess Expression (D2).,ABSTAINED_INSUFFICIENT_EVIDENCE,0.0,0,
Burundi,BDI,cultural_anthropologist,D3,ABSTAINED,Insufficient direct evidence about psychological need for order or rules in everyday lived life—unrelated to governance quality—was found. Ethnographic detail on rule adherence or ambiguity discomfort is lacking.,ABSTAINED_INSUFFICIENT_EVIDENCE,0.0,0,
Burundi,BDI,cultural_anthropologist,D4,ABSTAINED,No specific ethnographic data was found about achievement-orientation versus harmony in Burundian everyday social life to assess Drive (D4).,ABSTAINED_INSUFFICIENT_EVIDENCE,0.0,0,
Burundi,BDI,institutional_analyst,D1,CONTRIBUTED,Evidence-backed recommendation provided.,,0.82,9,14.0
Burundi,BDI,institutional_analyst,D2,CONTRIBUTED,Evidence-backed recommendation provided.,,0.76,8,21.0
Burundi,BDI,institutional_analyst,D3,CONTRIBUTED,Evidence-backed recommendation provided.,,0.68,8,57.0
Burundi,BDI,institutional_analyst,D4,CONTRIBUTED,Evidence-backed recommendation provided.,,0.74,7,26.0
Burundi,BDI,historical_analyst,D1,CONTRIBUTED,Evidence-backed recommendation provided.,,0.85,4,25.0
Burundi,BDI,historical_analyst,D2,CONTRIBUTED,Evidence-backed recommendation provided.,,0.8,4,30.0
Burundi,BDI,historical_analyst,D3,CONTRIBUTED,Evidence-backed recommendation provided.,,0.75,4,40.0
Burundi,BDI,historical_analyst,D4,CONTRIBUTED,Evidence-backed recommendation provided.,,0.8,4,40.0
Benin,BEN,cultural_anthropologist,D1,CONTRIBUTED,Evidence-backed recommendation provided.,,0.8,2,20.0
Benin,BEN,cultural_anthropologist,D2,ABSTAINED,No direct ethnographic evidence found regarding emotional expression norms or hierarchical suppression to assess D2.,ABSTAINED_INSUFFICIENT_EVIDENCE,0.0,0,
Benin,BEN,cultural_anthropologist,D3,CONTRIBUTED,Evidence-backed recommendation provided.,,0.7,2,60.0
Benin,BEN,cultural_anthropologist,D4,CONTRIBUTED,Evidence-backed recommendation provided.,,0.6,2,50.0
Benin,BEN,institutional_analyst,D1,CONTRIBUTED,Evidence-backed recommendation provided.,,0.72,9,18.0
Benin,BEN,institutional_analyst,D2,CONTRIBUTED,Evidence-backed recommendation provided.,,0.67,8,72.0
Benin,BEN,institutional_analyst,D3,CONTRIBUTED,Evidence-backed recommendation provided.,,0.6,7,52.0
Benin,BEN,institutional_analyst,D4,CONTRIBUTED,Evidence-backed recommendation provided.,,0.63,6,38.0
Benin,BEN,historical_analyst,D1,CONTRIBUTED,Evidence-backed recommendation provided.,,0.85,3,35.0
Benin,BEN,historical_analyst,D2,CONTRIBUTED,Evidence-backed recommendation provided.,,0.7,3,60.0
Benin,BEN,historical_analyst,D3,CONTRIBUTED,Evidence-backed recommendation provided.,,0.75,3,40.0
Benin,BEN,historical_analyst,D4,CONTRIBUTED,Evidence-backed recommendation provided.,,0.7,3,45.0
Bahamas,BHS,cultural_anthropologist,D1,CONTRIBUTED,Evidence-backed recommendation provided.,,0.6,3,40.0
Bahamas,BHS,cultural_anthropologist,D2,CONTRIBUTED,Evidence-backed recommendation provided.,,0.7,2,60.0
Bahamas,BHS,cultural_anthropologist,D3,CONTRIBUTED,Evidence-backed recommendation provided.,,0.6,3,55.0
Bahamas,BHS,cultural_anthropologist,D4,CONTRIBUTED,Evidence-backed recommendation provided.,,0.5,2,50.0
Bahamas,BHS,institutional_analyst,D1,CONTRIBUTED,Evidence-backed recommendation provided.,,0.72,11,28.0
Bahamas,BHS,institutional_analyst,D2,CONTRIBUTED,Evidence-backed recommendation provided.,,0.68,9,72.0
Bahamas,BHS,institutional_analyst,D3,CONTRIBUTED,Evidence-backed recommendation provided.,,0.58,7,42.0
Bahamas,BHS,institutional_analyst,D4,CONTRIBUTED,Evidence-backed recommendation provided.,,0.55,8,48.0
Bahamas,BHS,historical_analyst,D1,CONTRIBUTED,Evidence-backed recommendation provided.,,0.75,5,35.0
Bahamas,BHS,historical_analyst,D2,CONTRIBUTED,Evidence-backed recommendation provided.,,0.7,5,70.0
Bahamas,BHS,historical_analyst,D3,CONTRIBUTED,Evidence-backed recommendation provided.,,0.7,5,55.0
Bahamas,BHS,historical_analyst,D4,CONTRIBUTED,Evidence-backed recommendation provided.,,0.7,5,60.0
Belarus,BLR,cultural_anthropologist,D1,CONTRIBUTED,Evidence-backed recommendation provided.,,0.6,3,35.0
Belarus,BLR,cultural_anthropologist,D2,ABSTAINED,No ethnographic evidence found concerning emotional openness or suppression in Belarus—most sources address identity or structure rather than expression. Need more direct evidence to score.,ABSTAINED_INSUFFICIENT_EVIDENCE,0.0,0,
Belarus,BLR,cultural_anthropologist,D3,ABSTAINED,"Ethnographic evidence on rules, orderliness, discomfort with ambiguity in everyday lived practice in Belarus was not located. Further field-specific studies would be required to assess structure.",ABSTAINED_INSUFFICIENT_EVIDENCE,0.0,0,
Belarus,BLR,cultural_anthropologist,D4,ABSTAINED,No direct evidence addressing achievement-orientation vs. harmony in Belarusian culture at the lived-experience level was found. Need workplace or social norms ethnographies for Drive.,ABSTAINED_INSUFFICIENT_EVIDENCE,0.0,0,
Belarus,BLR,institutional_analyst,D1,CONTRIBUTED,Evidence-backed recommendation provided.,,0.7,7,35.0
Belarus,BLR,institutional_analyst,D2,CONTRIBUTED,Evidence-backed recommendation provided.,,0.85,6,15.0
Belarus,BLR,institutional_analyst,D3,CONTRIBUTED,Evidence-backed recommendation provided.,,0.85,6,88.0
Belarus,BLR,institutional_analyst,D4,CONTRIBUTED,Evidence-backed recommendation provided.,,0.65,6,28.0
Belarus,BLR,historical_analyst,D1,CONTRIBUTED,Evidence-backed recommendation provided.,,0.8,4,38.0
Belarus,BLR,historical_analyst,D2,CONTRIBUTED,Evidence-backed recommendation provided.,,0.75,3,28.0
Belarus,BLR,historical_analyst,D3,CONTRIBUTED,Evidence-backed recommendation provided.,,0.8,3,82.0
Belarus,BLR,historical_analyst,D4,CONTRIBUTED,Evidence-backed recommendation provided.,,0.65,3,52.0
Belize,BLZ,cultural_anthropologist,D1,CONTRIBUTED,Evidence-backed recommendation provided.,,0.7,4,40.0
Belize,BLZ,cultural_anthropologist,D2,ABSTAINED,Abstained: no citable evidence for this dimension.,ABSTAINED_INSUFFICIENT_EVIDENCE,0.0,0,
Belize,BLZ,cultural_anthropologist,D3,ABSTAINED,Abstained: no citable evidence for this dimension.,ABSTAINED_INSUFFICIENT_EVIDENCE,0.0,0,
Belize,BLZ,cultural_anthropologist,D4,ABSTAINED,Abstained: no citable evidence for this dimension.,ABSTAINED_INSUFFICIENT_EVIDENCE,0.0,0,
Belize,BLZ,institutional_analyst,D1,CONTRIBUTED,Evidence-backed recommendation provided.,,0.72,9,28.0
Belize,BLZ,institutional_analyst,D2,CONTRIBUTED,Evidence-backed recommendation provided.,,0.65,7,60.0
Belize,BLZ,institutional_analyst,D3,CONTRIBUTED,Evidence-backed recommendation provided.,,0.7,8,33.0
Belize,BLZ,institutional_analyst,D4,CONTRIBUTED,Evidence-backed recommendation provided.,,0.63,7,38.0
Belize,BLZ,historical_analyst,D1,CONTRIBUTED,Evidence-backed recommendation provided.,,0.75,6,30.0
Belize,BLZ,historical_analyst,D2,CONTRIBUTED,Evidence-backed recommendation provided.,,0.7,5,70.0
Belize,BLZ,historical_analyst,D3,CONTRIBUTED,Evidence-backed recommendation provided.,,0.7,4,35.0
Belize,BLZ,historical_analyst,D4,CONTRIBUTED,Evidence-backed recommendation provided.,,0.7,4,40.0
Brunei,BRN,cultural_anthropologist,D1,CONTRIBUTED,Evidence-backed recommendation provided.,,0.8,2,30.0
Brunei,BRN,cultural_anthropologist,D2,CONTRIBUTED,Evidence-backed recommendation provided.,,0.7,2,20.0
Brunei,BRN,cultural_anthropologist,D3,CONTRIBUTED,Evidence-backed recommendation provided.,,0.9,3,90.0
Brunei,BRN,cultural_anthropologist,D4,CONTRIBUTED,Evidence-backed recommendation provided.,,0.6,2,40.0
Brunei,BRN,institutional_analyst,D1,CONTRIBUTED,Evidence-backed recommendation provided.,,0.82,8,18.0
Brunei,BRN,institutional_analyst,D2,CONTRIBUTED,Evidence-backed recommendation provided.,,0.78,6,20.0
Brunei,BRN,institutional_analyst,D3,CONTRIBUTED,Evidence-backed recommendation provided.,,0.7,7,62.0
Brunei,BRN,institutional_analyst,D4,CONTRIBUTED,Evidence-backed recommendation provided.,,0.76,6,28.0
Brunei,BRN,historical_analyst,D1,CONTRIBUTED,Evidence-backed recommendation provided.,,0.9,3,25.0
Brunei,BRN,historical_analyst,D2,CONTRIBUTED,Evidence-backed recommendation provided.,,0.8,3,30.0
Brunei,BRN,historical_analyst,D3,CONTRIBUTED,Evidence-backed recommendation provided.,,0.8,3,75.0
Brunei,BRN,historical_analyst,D4,CONTRIBUTED,Evidence-backed recommendation provided.,,0.7,3,45.0
Botswana,BWA,cultural_anthropologist,D1,CONTRIBUTED,Evidence-backed recommendation provided.,,0.8,4,30.0
Botswana,BWA,cultural_anthropologist,D2,CONTRIBUTED,Evidence-backed recommendation provided.,,0.4,2,50.0
Botswana,BWA,cultural_anthropologist,D3,CONTRIBUTED,Evidence-backed recommendation provided.,,0.7,2,70.0
Botswana,BWA,cultural_anthropologist,D4,CONTRIBUTED,Evidence-backed recommendation provided.,,0.5,1,40.0
Botswana,BWA,institutional_analyst,D1,CONTRIBUTED,Evidence-backed recommendation provided.,,0.78,10,18.0
Botswana,BWA,institutional_analyst,D2,CONTRIBUTED,Evidence-backed recommendation provided.,,0.7,6,32.0
Botswana,BWA,institutional_analyst,D3,CONTRIBUTED,Evidence-backed recommendation provided.,,0.6,6,52.0
Botswana,BWA,institutional_analyst,D4,CONTRIBUTED,Evidence-backed recommendation provided.,,0.65,5,38.0
Botswana,BWA,historical_analyst,D1,CONTRIBUTED,Evidence-backed recommendation provided.,,0.68,4,48.0
Botswana,BWA,historical_analyst,D2,CONTRIBUTED,Evidence-backed recommendation provided.,,0.65,3,35.0
Botswana,BWA,historical_analyst,D3,CONTRIBUTED,Evidence-backed recommendation provided.,,0.7,3,72.0
Botswana,BWA,historical_analyst,D4,CONTRIBUTED,Evidence-backed recommendation provided.,,0.66,4,55.0
Central African Republic,CAF,cultural_anthropologist,D1,CONTRIBUTED,Evidence-backed recommendation provided.,,0.75,3,35.0
Central African Republic,CAF,cultural_anthropologist,D2,CONTRIBUTED,Evidence-backed recommendation provided.,,0.65,2,40.0
Central African Republic,CAF,cultural_anthropologist,D3,CONTRIBUTED,Evidence-backed recommendation provided.,,0.7,1,45.0
Central African Republic,CAF,cultural_anthropologist,D4,CONTRIBUTED,Evidence-backed recommendation provided.,,0.65,2,50.0
Central African Republic,CAF,institutional_analyst,D1,CONTRIBUTED,Evidence-backed recommendation provided.,,0.75,9,18.0
Central African Republic,CAF,institutional_analyst,D2,CONTRIBUTED,Evidence-backed recommendation provided.,,0.68,8,68.0
Central African Republic,CAF,institutional_analyst,D3,CONTRIBUTED,Evidence-backed recommendation provided.,,0.8,8,14.0
Central African Republic,CAF,institutional_analyst,D4,CONTRIBUTED,Evidence-backed recommendation provided.,,0.65,7,28.0
Central African Republic,CAF,historical_analyst,D1,CONTRIBUTED,Evidence-backed recommendation provided.,,0.85,2,28.0
Central African Republic,CAF,historical_analyst,D2,CONTRIBUTED,Evidence-backed recommendation provided.,,0.7,2,35.0
Central African Republic,CAF,historical_analyst,D3,CONTRIBUTED,Evidence-backed recommendation provided.,,0.75,2,22.0
Central African Republic,CAF,historical_analyst,D4,CONTRIBUTED,Evidence-backed recommendation provided.,,0.65,2,45.0
CÃ´te d'Ivoire,CIV,cultural_anthropologist,D1,CONTRIBUTED,Evidence-backed recommendation provided.,,0.7,3,30.0
CÃ´te d'Ivoire,CIV,cultural_anthropologist,D2,ABSTAINED,I found no clear ethnographic evidence from available sources on the cultural freedom of emotional expression (open vs restrained) in Côte d’Ivoire.,ABSTAINED_INSUFFICIENT_EVIDENCE,0.0,0,
CÃ´te d'Ivoire,CIV,cultural_anthropologist,D3,CONTRIBUTED,Evidence-backed recommendation provided.,,0.6,1,60.0
CÃ´te d'Ivoire,CIV,cultural_anthropologist,D4,CONTRIBUTED,Evidence-backed recommendation provided.,,0.7,1,65.0
CÃ´te d'Ivoire,CIV,institutional_analyst,D1,CONTRIBUTED,Evidence-backed recommendation provided.,,0.82,9,14.0
CÃ´te d'Ivoire,CIV,institutional_analyst,D2,CONTRIBUTED,Evidence-backed recommendation provided.,,0.68,7,68.0
CÃ´te d'Ivoire,CIV,institutional_analyst,D3,CONTRIBUTED,Evidence-backed recommendation provided.,,0.62,7,44.0
CÃ´te d'Ivoire,CIV,institutional_analyst,D4,CONTRIBUTED,Evidence-backed recommendation provided.,,0.7,7,62.0
CÃ´te d'Ivoire,CIV,historical_analyst,D1,CONTRIBUTED,Evidence-backed recommendation provided.,,0.85,4,30.0
CÃ´te d'Ivoire,CIV,historical_analyst,D2,CONTRIBUTED,Evidence-backed recommendation provided.,,0.7,3,60.0
CÃ´te d'Ivoire,CIV,historical_analyst,D3,CONTRIBUTED,Evidence-backed recommendation provided.,,0.75,3,40.0
CÃ´te d'Ivoire,CIV,historical_analyst,D4,CONTRIBUTED,Evidence-backed recommendation provided.,,0.7,3,55.0
Democratic Republic of the Congo,COD,cultural_anthropologist,D1,CONTRIBUTED,Evidence-backed recommendation provided.,,0.7,2,15.0
Democratic Republic of the Congo,COD,cultural_anthropologist,D2,ABSTAINED,No strong ethnographic evidence located on emotional expression norms or hierarchical suppression of expression to confidently score Expression.,ABSTAINED_INSUFFICIENT_EVIDENCE,0.0,0,
Democratic Republic of the Congo,COD,cultural_anthropologist,D3,CONTRIBUTED,Evidence-backed recommendation provided.,,0.65,2,60.0
Democratic Republic of the Congo,COD,cultural_anthropologist,D4,ABSTAINED,No clear evidence found distinguishing achievement‐orientation vs acceptance orientation in daily lived practices; insufficient material to score Drive.,ABSTAINED_INSUFFICIENT_EVIDENCE,0.0,0,
Democratic Republic of the Congo,COD,institutional_analyst,D1,CONTRIBUTED,Evidence-backed recommendation provided.,,0.78,10,18.0
Democratic Republic of the Congo,COD,institutional_analyst,D2,CONTRIBUTED,Evidence-backed recommendation provided.,,0.65,9,60.0
Democratic Republic of the Congo,COD,institutional_analyst,D3,CONTRIBUTED,Evidence-backed recommendation provided.,,0.62,7,32.0
Democratic Republic of the Congo,COD,institutional_analyst,D4,CONTRIBUTED,Evidence-backed recommendation provided.,,0.6,7,58.0
Democratic Republic of the Congo,COD,historical_analyst,D1,CONTRIBUTED,Evidence-backed recommendation provided.,,0.85,3,25.0
Democratic Republic of the Congo,COD,historical_analyst,D2,CONTRIBUTED,Evidence-backed recommendation provided.,,0.75,3,70.0
Democratic Republic of the Congo,COD,historical_analyst,D3,CONTRIBUTED,Evidence-backed recommendation provided.,,0.8,3,30.0
Democratic Republic of the Congo,COD,historical_analyst,D4,CONTRIBUTED,Evidence-backed recommendation provided.,,0.7,3,55.0
Cape Verde,CPV,cultural_anthropologist,D1,CONTRIBUTED,Evidence-backed recommendation provided.,,0.8,2,40.0
Cape Verde,CPV,cultural_anthropologist,D2,CONTRIBUTED,Evidence-backed recommendation provided.,,0.7,2,60.0
Cape Verde,CPV,cultural_anthropologist,D3,CONTRIBUTED,Evidence-backed recommendation provided.,,0.75,2,65.0
Cape Verde,CPV,cultural_anthropologist,D4,CONTRIBUTED,Evidence-backed recommendation provided.,,0.65,2,50.0
Cape Verde,CPV,institutional_analyst,D1,CONTRIBUTED,Evidence-backed recommendation provided.,,0.72,9,18.0
Cape Verde,CPV,institutional_analyst,D2,CONTRIBUTED,Evidence-backed recommendation provided.,,0.68,7,62.0
Cape Verde,CPV,institutional_analyst,D3,CONTRIBUTED,Evidence-backed recommendation provided.,,0.7,6,35.0
Cape Verde,CPV,institutional_analyst,D4,CONTRIBUTED,Evidence-backed recommendation provided.,,0.78,5,12.0
Cape Verde,CPV,historical_analyst,D1,CONTRIBUTED,Evidence-backed recommendation provided.,,0.75,6,25.0
Cape Verde,CPV,historical_analyst,D2,CONTRIBUTED,Evidence-backed recommendation provided.,,0.7,5,70.0
Cape Verde,CPV,historical_analyst,D3,CONTRIBUTED,Evidence-backed recommendation provided.,,0.7,5,30.0
Cape Verde,CPV,historical_analyst,D4,CONTRIBUTED,Evidence-backed recommendation provided.,,0.7,5,40.0
Cuba,CUB,cultural_anthropologist,D1,CONTRIBUTED,Evidence-backed recommendation provided.,,0.8,3,25.0
Cuba,CUB,cultural_anthropologist,D2,CONTRIBUTED,Evidence-backed recommendation provided.,,0.7,2,40.0
Cuba,CUB,cultural_anthropologist,D3,CONTRIBUTED,Evidence-backed recommendation provided.,,0.8,2,65.0
Cuba,CUB,cultural_anthropologist,D4,CONTRIBUTED,Evidence-backed recommendation provided.,,0.6,2,50.0
Cuba,CUB,institutional_analyst,D1,CONTRIBUTED,Evidence-backed recommendation provided.,,0.78,9,18.0
Cuba,CUB,institutional_analyst,D2,CONTRIBUTED,Evidence-backed recommendation provided.,,0.74,8,78.0
Cuba,CUB,institutional_analyst,D3,CONTRIBUTED,Evidence-backed recommendation provided.,,0.7,6,72.0
Cuba,CUB,institutional_analyst,D4,CONTRIBUTED,Evidence-backed recommendation provided.,,0.68,5,35.0
Cuba,CUB,historical_analyst,D1,CONTRIBUTED,Evidence-backed recommendation provided.,,0.8,5,28.0
Cuba,CUB,historical_analyst,D2,CONTRIBUTED,Evidence-backed recommendation provided.,,0.7,4,55.0
Cuba,CUB,historical_analyst,D3,CONTRIBUTED,Evidence-backed recommendation provided.,,0.75,4,75.0
Cuba,CUB,historical_analyst,D4,CONTRIBUTED,Evidence-backed recommendation provided.,,0.7,3,35.0
Djibouti,DJI,cultural_anthropologist,D1,CONTRIBUTED,Evidence-backed recommendation provided.,,0.9,3,15.0
Djibouti,DJI,cultural_anthropologist,D2,CONTRIBUTED,Evidence-backed recommendation provided.,,0.7,2,40.0
Djibouti,DJI,cultural_anthropologist,D3,CONTRIBUTED,Evidence-backed recommendation provided.,,0.85,2,80.0
Djibouti,DJI,cultural_anthropologist,D4,CONTRIBUTED,Evidence-backed recommendation provided.,,0.7,3,35.0
Djibouti,DJI,institutional_analyst,D1,CONTRIBUTED,Evidence-backed recommendation provided.,,0.78,11,14.0
Djibouti,DJI,institutional_analyst,D2,CONTRIBUTED,Evidence-backed recommendation provided.,,0.7,8,28.0
Djibouti,DJI,institutional_analyst,D3,CONTRIBUTED,Evidence-backed recommendation provided.,,0.68,8,62.0
Djibouti,DJI,institutional_analyst,D4,CONTRIBUTED,Evidence-backed recommendation provided.,,0.62,6,32.0
Djibouti,DJI,historical_analyst,D1,CONTRIBUTED,Evidence-backed recommendation provided.,,0.8,5,25.0
Djibouti,DJI,historical_analyst,D2,CONTRIBUTED,Evidence-backed recommendation provided.,,0.75,4,40.0
Djibouti,DJI,historical_analyst,D3,CONTRIBUTED,Evidence-backed recommendation provided.,,0.8,5,50.0
Djibouti,DJI,historical_analyst,D4,CONTRIBUTED,Evidence-backed recommendation provided.,,0.75,4,35.0
Algeria,DZA,cultural_anthropologist,D1,CONTRIBUTED,Evidence-backed recommendation provided.,,0.85,3,20.0
Algeria,DZA,cultural_anthropologist,D2,CONTRIBUTED,Evidence-backed recommendation provided.,,0.75,2,30.0
Algeria,DZA,cultural_anthropologist,D3,CONTRIBUTED,Evidence-backed recommendation provided.,,0.4,1,50.0
Algeria,DZA,cultural_anthropologist,D4,CONTRIBUTED,Evidence-backed recommendation provided.,,0.3,1,40.0
Algeria,DZA,institutional_analyst,D1,CONTRIBUTED,Evidence-backed recommendation provided.,,0.82,10,18.0
Algeria,DZA,institutional_analyst,D2,CONTRIBUTED,Evidence-backed recommendation provided.,,0.75,9,32.0
Algeria,DZA,institutional_analyst,D3,CONTRIBUTED,Evidence-backed recommendation provided.,,0.83,9,72.0
Algeria,DZA,institutional_analyst,D4,CONTRIBUTED,Evidence-backed recommendation provided.,,0.71,8,33.0
Algeria,DZA,historical_analyst,D1,CONTRIBUTED,Evidence-backed recommendation provided.,,0.85,5,30.0
Algeria,DZA,historical_analyst,D2,CONTRIBUTED,Evidence-backed recommendation provided.,,0.8,5,45.0
Algeria,DZA,historical_analyst,D3,CONTRIBUTED,Evidence-backed recommendation provided.,,0.75,5,60.0
Algeria,DZA,historical_analyst,D4,CONTRIBUTED,Evidence-backed recommendation provided.,,0.75,5,55.0
Eritrea,ERI,cultural_anthropologist,D1,CONTRIBUTED,Evidence-backed recommendation provided.,,0.85,4,20.0
Eritrea,ERI,cultural_anthropologist,D2,CONTRIBUTED,Evidence-backed recommendation provided.,,0.5,1,50.0
Eritrea,ERI,cultural_anthropologist,D3,CONTRIBUTED,Evidence-backed recommendation provided.,,0.75,2,60.0
Eritrea,ERI,cultural_anthropologist,D4,CONTRIBUTED,Evidence-backed recommendation provided.,,0.6,2,40.0
Eritrea,ERI,institutional_analyst,D1,CONTRIBUTED,Evidence-backed recommendation provided.,,0.82,9,16.0
Eritrea,ERI,institutional_analyst,D2,CONTRIBUTED,Evidence-backed recommendation provided.,,0.78,7,28.0
Eritrea,ERI,institutional_analyst,D3,CONTRIBUTED,Evidence-backed recommendation provided.,,0.74,8,72.0
Eritrea,ERI,institutional_analyst,D4,CONTRIBUTED,Evidence-backed recommendation provided.,,0.6,6,42.0
Eritrea,ERI,historical_analyst,D1,CONTRIBUTED,Evidence-backed recommendation provided.,,0.8,6,75.0
Eritrea,ERI,historical_analyst,D2,CONTRIBUTED,Evidence-backed recommendation provided.,,0.75,6,40.0
Eritrea,ERI,historical_analyst,D3,CONTRIBUTED,Evidence-backed recommendation provided.,,0.8,6,20.0
Eritrea,ERI,historical_analyst,D4,CONTRIBUTED,Evidence-backed recommendation provided.,,0.7,6,65.0
Gabon,GAB,cultural_anthropologist,D1,CONTRIBUTED,Evidence-backed recommendation provided.,,0.7,3,30.0
Gabon,GAB,cultural_anthropologist,D2,ABSTAINED,Insufficient ethnographic or field-based evidence on emotional expressiveness or structural freedom/suppression in Gabon to assess Expression (D2).,ABSTAINED_INSUFFICIENT_EVIDENCE,0.0,0,
Gabon,GAB,cultural_anthropologist,D3,ABSTAINED,"No direct ethnographic data found on psychological tolerance for ambiguity, rule orientation, or daily structure in Gabonese society—thus abstaining.",ABSTAINED_INSUFFICIENT_EVIDENCE,0.0,0,
Gabon,GAB,cultural_anthropologist,D4,ABSTAINED,"No reliable field-based evidence on achievement orientation, competitiveness, or harmony values available in the searched sources; abstaining.",ABSTAINED_INSUFFICIENT_EVIDENCE,0.0,0,
Gabon,GAB,institutional_analyst,D1,CONTRIBUTED,Evidence-backed recommendation provided.,,0.72,9,18.0
Gabon,GAB,institutional_analyst,D2,CONTRIBUTED,Evidence-backed recommendation provided.,,0.6,7,38.0
Gabon,GAB,institutional_analyst,D3,CONTRIBUTED,Evidence-backed recommendation provided.,,0.52,7,42.0
Gabon,GAB,institutional_analyst,D4,CONTRIBUTED,Evidence-backed recommendation provided.,,0.62,5,28.0
Gabon,GAB,historical_analyst,D1,CONTRIBUTED,Evidence-backed recommendation provided.,,0.7,4,55.0
Gabon,GAB,historical_analyst,D2,CONTRIBUTED,Evidence-backed recommendation provided.,,0.65,3,45.0
Gabon,GAB,historical_analyst,D3,CONTRIBUTED,Evidence-backed recommendation provided.,,0.6,3,40.0
Gabon,GAB,historical_analyst,D4,CONTRIBUTED,Evidence-backed recommendation provided.,,0.7,3,35.0
Guinea,GIN,cultural_anthropologist,D1,CONTRIBUTED,Evidence-backed recommendation provided.,,0.7,2,30.0
Guinea,GIN,cultural_anthropologist,D2,CONTRIBUTED,Evidence-backed recommendation provided.,,0.6,2,50.0
Guinea,GIN,cultural_anthropologist,D3,CONTRIBUTED,Evidence-backed recommendation provided.,,0.75,2,65.0
Guinea,GIN,cultural_anthropologist,D4,CONTRIBUTED,Evidence-backed recommendation provided.,,0.65,2,40.0
Guinea,GIN,institutional_analyst,D1,CONTRIBUTED,Evidence-backed recommendation provided.,,0.82,9,15.0
Guinea,GIN,institutional_analyst,D2,CONTRIBUTED,Evidence-backed recommendation provided.,,0.65,7,42.0
Guinea,GIN,institutional_analyst,D3,CONTRIBUTED,Evidence-backed recommendation provided.,,0.62,8,55.0
Guinea,GIN,institutional_analyst,D4,CONTRIBUTED,Evidence-backed recommendation provided.,,0.6,6,38.0
Guinea,GIN,historical_analyst,D1,CONTRIBUTED,Evidence-backed recommendation provided.,,0.85,4,30.0
Guinea,GIN,historical_analyst,D2,CONTRIBUTED,Evidence-backed recommendation provided.,,0.7,3,70.0
Guinea,GIN,historical_analyst,D3,CONTRIBUTED,Evidence-backed recommendation provided.,,0.75,4,50.0
Guinea,GIN,historical_analyst,D4,CONTRIBUTED,Evidence-backed recommendation provided.,,0.8,4,30.0
Gambia,GMB,cultural_anthropologist,D1,CONTRIBUTED,Evidence-backed recommendation provided.,,0.7,4,30.0
Gambia,GMB,cultural_anthropologist,D2,ABSTAINED,No clear ethnographic or field-based evidence was found on emotional openness versus suppression or hierarchical suppression of expression in Gambian lived experience.,ABSTAINED_INSUFFICIENT_EVIDENCE,0.0,0,
Gambia,GMB,cultural_anthropologist,D3,CONTRIBUTED,Evidence-backed recommendation provided.,,0.8,3,65.0
Gambia,GMB,cultural_anthropologist,D4,ABSTAINED,"No ethnographic evidence addressing whether Gambian culture emphasizes achievement‑orientation, competition, and performance over harmony and relationships (Drive) was located.",ABSTAINED_INSUFFICIENT_EVIDENCE,0.0,0,
Gambia,GMB,institutional_analyst,D1,CONTRIBUTED,Evidence-backed recommendation provided.,,0.85,9,12.0
Gambia,GMB,institutional_analyst,D2,CONTRIBUTED,Evidence-backed recommendation provided.,,0.72,7,68.0
Gambia,GMB,institutional_analyst,D3,CONTRIBUTED,Evidence-backed recommendation provided.,,0.62,7,42.0
Gambia,GMB,institutional_analyst,D4,CONTRIBUTED,Evidence-backed recommendation provided.,,0.68,5,30.0
Gambia,GMB,historical_analyst,D1,CONTRIBUTED,Evidence-backed recommendation provided.,,0.65,3,40.0
Gambia,GMB,historical_analyst,D2,CONTRIBUTED,Evidence-backed recommendation provided.,,0.6,3,65.0
Gambia,GMB,historical_analyst,D3,CONTRIBUTED,Evidence-backed recommendation provided.,,0.7,3,30.0
Gambia,GMB,historical_analyst,D4,CONTRIBUTED,Evidence-backed recommendation provided.,,0.65,3,35.0
Guinea-Bissau,GNB,cultural_anthropologist,D1,CONTRIBUTED,Evidence-backed recommendation provided.,,0.6,3,30.0
Guinea-Bissau,GNB,cultural_anthropologist,D2,ABSTAINED,Abstained: no citable evidence for this dimension.,ABSTAINED_INSUFFICIENT_EVIDENCE,0.0,0,
Guinea-Bissau,GNB,cultural_anthropologist,D3,ABSTAINED,Abstained: no citable evidence for this dimension.,ABSTAINED_INSUFFICIENT_EVIDENCE,0.0,0,
Guinea-Bissau,GNB,cultural_anthropologist,D4,ABSTAINED,Abstained: no citable evidence for this dimension.,ABSTAINED_INSUFFICIENT_EVIDENCE,0.0,0,
Guinea-Bissau,GNB,institutional_analyst,D1,CONTRIBUTED,Evidence-backed recommendation provided.,,0.75,8,14.0
Guinea-Bissau,GNB,institutional_analyst,D2,CONTRIBUTED,Evidence-backed recommendation provided.,,0.62,7,60.0
Guinea-Bissau,GNB,institutional_analyst,D3,CONTRIBUTED,Evidence-backed recommendation provided.,,0.72,6,20.0
Guinea-Bissau,GNB,institutional_analyst,D4,CONTRIBUTED,Evidence-backed recommendation provided.,,0.68,6,18.0
Guinea-Bissau,GNB,historical_analyst,D1,CONTRIBUTED,Evidence-backed recommendation provided.,,0.6,3,73.0
Guinea-Bissau,GNB,historical_analyst,D2,CONTRIBUTED,Evidence-backed recommendation provided.,,0.65,2,40.0
Guinea-Bissau,GNB,historical_analyst,D3,CONTRIBUTED,Evidence-backed recommendation provided.,,0.8,3,25.0
Guinea-Bissau,GNB,historical_analyst,D4,CONTRIBUTED,Evidence-backed recommendation provided.,,0.75,3,35.0
Equatorial Guinea,GNQ,cultural_anthropologist,D1,CONTRIBUTED,Evidence-backed recommendation provided.,,0.6,3,30.0
Equatorial Guinea,GNQ,cultural_anthropologist,D2,ABSTAINED,Abstained: no citable evidence for this dimension.,ABSTAINED_INSUFFICIENT_EVIDENCE,0.0,0,
Equatorial Guinea,GNQ,cultural_anthropologist,D3,CONTRIBUTED,Evidence-backed recommendation provided.,,0.7,2,80.0
Equatorial Guinea,GNQ,cultural_anthropologist,D4,ABSTAINED,Abstained: no citable evidence for this dimension.,ABSTAINED_INSUFFICIENT_EVIDENCE,0.0,0,
Equatorial Guinea,GNQ,institutional_analyst,D1,CONTRIBUTED,Evidence-backed recommendation provided.,,0.78,9,18.0
Equatorial Guinea,GNQ,institutional_analyst,D2,CONTRIBUTED,Evidence-backed recommendation provided.,,0.7,7,28.0
Equatorial Guinea,GNQ,institutional_analyst,D3,CONTRIBUTED,Evidence-backed recommendation provided.,,0.62,6,38.0
Equatorial Guinea,GNQ,institutional_analyst,D4,CONTRIBUTED,Evidence-backed recommendation provided.,,0.65,5,28.0
Equatorial Guinea,GNQ,historical_analyst,D1,CONTRIBUTED,Evidence-backed recommendation provided.,,0.65,4,28.0
Equatorial Guinea,GNQ,historical_analyst,D2,CONTRIBUTED,Evidence-backed recommendation provided.,,0.6,4,35.0
Equatorial Guinea,GNQ,historical_analyst,D3,CONTRIBUTED,Evidence-backed recommendation provided.,,0.55,4,20.0
Equatorial Guinea,GNQ,historical_analyst,D4,CONTRIBUTED,Evidence-backed recommendation provided.,,0.5,4,50.0
Guyana,GUY,cultural_anthropologist,D1,CONTRIBUTED,Evidence-backed recommendation provided.,,0.75,3,35.0
Guyana,GUY,cultural_anthropologist,D2,CONTRIBUTED,Evidence-backed recommendation provided.,,0.65,2,45.0
Guyana,GUY,cultural_anthropologist,D3,CONTRIBUTED,Evidence-backed recommendation provided.,,0.7,2,60.0
Guyana,GUY,cultural_anthropologist,D4,CONTRIBUTED,Evidence-backed recommendation provided.,,0.5,1,50.0
Guyana,GUY,institutional_analyst,D1,CONTRIBUTED,Evidence-backed recommendation provided.,,0.72,11,35.0
Guyana,GUY,institutional_analyst,D2,CONTRIBUTED,Evidence-backed recommendation provided.,,0.65,8,65.0
Guyana,GUY,institutional_analyst,D3,CONTRIBUTED,Evidence-backed recommendation provided.,,0.6,8,48.0
Guyana,GUY,institutional_analyst,D4,CONTRIBUTED,Evidence-backed recommendation provided.,,0.62,8,42.0
Guyana,GUY,historical_analyst,D1,CONTRIBUTED,Evidence-backed recommendation provided.,,0.6,3,55.0
Guyana,GUY,historical_analyst,D2,CONTRIBUTED,Evidence-backed recommendation provided.,,0.5,3,70.0
Guyana,GUY,historical_analyst,D3,CONTRIBUTED,Evidence-backed recommendation provided.,,0.6,3,40.0
Guyana,GUY,historical_analyst,D4,CONTRIBUTED,Evidence-backed recommendation provided.,,0.5,3,60.0
Haiti,HTI,cultural_anthropologist,D1,CONTRIBUTED,Evidence-backed recommendation provided.,,0.7,4,30.0
Haiti,HTI,cultural_anthropologist,D2,ABSTAINED,No firmly attributable evidence regarding emotional expressiveness or structural freedom/suppression of emotional display in Haitian everyday life could be found in the sources consulted.,ABSTAINED_INSUFFICIENT_EVIDENCE,0.0,0,
Haiti,HTI,cultural_anthropologist,D3,CONTRIBUTED,Evidence-backed recommendation provided.,,0.6,2,60.0
Haiti,HTI,cultural_anthropologist,D4,CONTRIBUTED,Evidence-backed recommendation provided.,,0.6,2,40.0
Haiti,HTI,institutional_analyst,D1,CONTRIBUTED,Evidence-backed recommendation provided.,,0.82,8,18.0
Haiti,HTI,institutional_analyst,D2,CONTRIBUTED,Evidence-backed recommendation provided.,,0.74,8,74.0
Haiti,HTI,institutional_analyst,D3,CONTRIBUTED,Evidence-backed recommendation provided.,,0.7,6,28.0
Haiti,HTI,institutional_analyst,D4,CONTRIBUTED,Evidence-backed recommendation provided.,,0.66,6,38.0
Haiti,HTI,historical_analyst,D1,CONTRIBUTED,Evidence-backed recommendation provided.,,0.9,5,25.0
Haiti,HTI,historical_analyst,D2,CONTRIBUTED,Evidence-backed recommendation provided.,,0.8,6,80.0
Haiti,HTI,historical_analyst,D3,CONTRIBUTED,Evidence-backed recommendation provided.,,0.85,6,25.0
Haiti,HTI,historical_analyst,D4,CONTRIBUTED,Evidence-backed recommendation provided.,,0.8,6,40.0
Cambodia,KHM,cultural_anthropologist,D1,CONTRIBUTED,Evidence-backed recommendation provided.,,0.85,4,20.0
Cambodia,KHM,cultural_anthropologist,D2,CONTRIBUTED,Evidence-backed recommendation provided.,,0.8,3,30.0
Cambodia,KHM,cultural_anthropologist,D3,CONTRIBUTED,Evidence-backed recommendation provided.,,0.9,3,80.0
Cambodia,KHM,cultural_anthropologist,D4,CONTRIBUTED,Evidence-backed recommendation provided.,,0.75,2,40.0
Cambodia,KHM,institutional_analyst,D1,CONTRIBUTED,Evidence-backed recommendation provided.,,0.78,8,18.0
Cambodia,KHM,institutional_analyst,D2,CONTRIBUTED,Evidence-backed recommendation provided.,,0.74,7,22.0
Cambodia,KHM,institutional_analyst,D3,CONTRIBUTED,Evidence-backed recommendation provided.,,0.62,7,48.0
Cambodia,KHM,institutional_analyst,D4,CONTRIBUTED,Evidence-backed recommendation provided.,,0.72,6,25.0
Cambodia,KHM,historical_analyst,D1,CONTRIBUTED,Evidence-backed recommendation provided.,,0.85,4,30.0
Cambodia,KHM,historical_analyst,D2,CONTRIBUTED,Evidence-backed recommendation provided.,,0.8,4,25.0
Cambodia,KHM,historical_analyst,D3,CONTRIBUTED,Evidence-backed recommendation provided.,,0.75,4,55.0
Cambodia,KHM,historical_analyst,D4,CONTRIBUTED,Evidence-backed recommendation provided.,,0.8,4,20.0
Laos,LAO,cultural_anthropologist,D1,CONTRIBUTED,Evidence-backed recommendation provided.,,0.85,3,20.0
Laos,LAO,cultural_anthropologist,D2,CONTRIBUTED,Evidence-backed recommendation provided.,,0.8,2,30.0
Laos,LAO,cultural_anthropologist,D3,CONTRIBUTED,Evidence-backed recommendation provided.,,0.85,2,70.0
Laos,LAO,cultural_anthropologist,D4,CONTRIBUTED,Evidence-backed recommendation provided.,,0.8,2,25.0
Laos,LAO,institutional_analyst,D1,CONTRIBUTED,Evidence-backed recommendation provided.,,0.8,10,18.0
Laos,LAO,institutional_analyst,D2,CONTRIBUTED,Evidence-backed recommendation provided.,,0.78,8,22.0
Laos,LAO,institutional_analyst,D3,CONTRIBUTED,Evidence-backed recommendation provided.,,0.65,8,40.0
Laos,LAO,institutional_analyst,D4,CONTRIBUTED,Evidence-backed recommendation provided.,,0.75,7,25.0
Laos,LAO,historical_analyst,D1,CONTRIBUTED,Evidence-backed recommendation provided.,,0.85,4,35.0
Laos,LAO,historical_analyst,D2,CONTRIBUTED,Evidence-backed recommendation provided.,,0.8,4,40.0
Laos,LAO,historical_analyst,D3,CONTRIBUTED,Evidence-backed recommendation provided.,,0.8,4,30.0
Laos,LAO,historical_analyst,D4,CONTRIBUTED,Evidence-backed recommendation provided.,,0.85,4,25.0
Liberia,LBR,cultural_anthropologist,D1,CONTRIBUTED,Evidence-backed recommendation provided.,,0.6,4,35.0
Liberia,LBR,cultural_anthropologist,D2,ABSTAINED,No clear ethnographic evidence found about emotional expressiveness vs hierarchical suppression; insufficient data to evaluate.,ABSTAINED_INSUFFICIENT_EVIDENCE,0.0,0,
Liberia,LBR,cultural_anthropologist,D3,CONTRIBUTED,Evidence-backed recommendation provided.,,0.65,3,65.0
Liberia,LBR,cultural_anthropologist,D4,CONTRIBUTED,Evidence-backed recommendation provided.,,0.6,3,45.0
Liberia,LBR,institutional_analyst,D1,CONTRIBUTED,Evidence-backed recommendation provided.,,0.72,11,18.0
Liberia,LBR,institutional_analyst,D2,CONTRIBUTED,Evidence-backed recommendation provided.,,0.6,9,55.0
Liberia,LBR,institutional_analyst,D3,CONTRIBUTED,Evidence-backed recommendation provided.,,0.65,8,30.0
Liberia,LBR,institutional_analyst,D4,CONTRIBUTED,Evidence-backed recommendation provided.,,0.62,7,35.0
Liberia,LBR,historical_analyst,D1,CONTRIBUTED,Evidence-backed recommendation provided.,,0.8,5,20.0
Liberia,LBR,historical_analyst,D2,CONTRIBUTED,Evidence-backed recommendation provided.,,0.7,4,55.0
Liberia,LBR,historical_analyst,D3,CONTRIBUTED,Evidence-backed recommendation provided.,,0.7,4,60.0
Liberia,LBR,historical_analyst,D4,CONTRIBUTED,Evidence-backed recommendation provided.,,0.75,5,70.0
Liechtenstein,LIE,cultural_anthropologist,D1,CONTRIBUTED,Evidence-backed recommendation provided.,,0.8,1,40.0
Liechtenstein,LIE,cultural_anthropologist,D2,ABSTAINED,Abstained: no citable evidence for this dimension.,ABSTAINED_INSUFFICIENT_EVIDENCE,0.0,0,
Liechtenstein,LIE,cultural_anthropologist,D3,CONTRIBUTED,Evidence-backed recommendation provided.,,0.8,2,80.0
Liechtenstein,LIE,cultural_anthropologist,D4,CONTRIBUTED,Evidence-backed recommendation provided.,,0.7,1,60.0
Liechtenstein,LIE,institutional_analyst,D1,CONTRIBUTED,Evidence-backed recommendation provided.,,0.65,8,72.0
Liechtenstein,LIE,institutional_analyst,D2,CONTRIBUTED,Evidence-backed recommendation provided.,,0.72,8,22.0
Liechtenstein,LIE,institutional_analyst,D3,CONTRIBUTED,Evidence-backed recommendation provided.,,0.78,8,84.0
Liechtenstein,LIE,institutional_analyst,D4,CONTRIBUTED,Evidence-backed recommendation provided.,,0.68,7,76.0
Liechtenstein,LIE,historical_analyst,D1,CONTRIBUTED,Evidence-backed recommendation provided.,,0.8,4,85.0
Liechtenstein,LIE,historical_analyst,D2,CONTRIBUTED,Evidence-backed recommendation provided.,,0.7,4,40.0
Liechtenstein,LIE,historical_analyst,D3,CONTRIBUTED,Evidence-backed recommendation provided.,,0.8,4,80.0
Liechtenstein,LIE,historical_analyst,D4,CONTRIBUTED,Evidence-backed recommendation provided.,,0.7,4,70.0
Lesotho,LSO,cultural_anthropologist,D1,CONTRIBUTED,Evidence-backed recommendation provided.,,0.85,3,30.0
Lesotho,LSO,cultural_anthropologist,D2,ABSTAINED,"No citable ethnographic evidence found addressing emotional openness vs restraint in Lesotho, especially structural freedom of expression vs suppression.",ABSTAINED_INSUFFICIENT_EVIDENCE,0.0,0,
Lesotho,LSO,cultural_anthropologist,D3,CONTRIBUTED,Evidence-backed recommendation provided.,,0.8,3,70.0
Lesotho,LSO,cultural_anthropologist,D4,CONTRIBUTED,Evidence-backed recommendation provided.,,0.7,2,40.0
Lesotho,LSO,institutional_analyst,D1,CONTRIBUTED,Evidence-backed recommendation provided.,,0.82,13,18.0
Lesotho,LSO,institutional_analyst,D2,CONTRIBUTED,Evidence-backed recommendation provided.,,0.72,7,35.0
Lesotho,LSO,institutional_analyst,D3,CONTRIBUTED,Evidence-backed recommendation provided.,,0.68,9,55.0
Lesotho,LSO,institutional_analyst,D4,CONTRIBUTED,Evidence-backed recommendation provided.,,0.7,7,30.0
Lesotho,LSO,historical_analyst,D1,CONTRIBUTED,Evidence-backed recommendation provided.,,0.7,4,35.0
Lesotho,LSO,historical_analyst,D2,CONTRIBUTED,Evidence-backed recommendation provided.,,0.6,3,45.0
Lesotho,LSO,historical_analyst,D3,CONTRIBUTED,Evidence-backed recommendation provided.,,0.7,3,65.0
Lesotho,LSO,historical_analyst,D4,CONTRIBUTED,Evidence-backed recommendation provided.,,0.7,3,50.0
MAC,MAC,cultural_anthropologist,D1,CONTRIBUTED,Evidence-backed recommendation provided.,,0.75,2,65.0
MAC,MAC,cultural_anthropologist,D2,CONTRIBUTED,Evidence-backed recommendation provided.,,0.7,1,40.0
MAC,MAC,cultural_anthropologist,D3,CONTRIBUTED,Evidence-backed recommendation provided.,,0.8,1,70.0
MAC,MAC,cultural_anthropologist,D4,CONTRIBUTED,Evidence-backed recommendation provided.,,0.7,2,55.0
MAC,MAC,institutional_analyst,D1,CONTRIBUTED,Evidence-backed recommendation provided.,,0.82,8,18.0
MAC,MAC,institutional_analyst,D2,CONTRIBUTED,Evidence-backed recommendation provided.,,0.72,7,66.0
MAC,MAC,institutional_analyst,D3,CONTRIBUTED,Evidence-backed recommendation provided.,,0.75,8,72.0
MAC,MAC,institutional_analyst,D4,CONTRIBUTED,Evidence-backed recommendation provided.,,0.65,6,42.0
MAC,MAC,historical_analyst,D1,CONTRIBUTED,Evidence-backed recommendation provided.,,0.65,5,65.0
MAC,MAC,historical_analyst,D2,CONTRIBUTED,Evidence-backed recommendation provided.,,0.6,3,55.0
MAC,MAC,historical_analyst,D3,CONTRIBUTED,Evidence-backed recommendation provided.,,0.7,4,70.0
MAC,MAC,historical_analyst,D4,CONTRIBUTED,Evidence-backed recommendation provided.,,0.75,4,80.0
Moldova,MDA,cultural_anthropologist,D1,CONTRIBUTED,Evidence-backed recommendation provided.,,0.75,5,35.0
Moldova,MDA,cultural_anthropologist,D2,CONTRIBUTED,Evidence-backed recommendation provided.,,0.7,3,30.0
Moldova,MDA,cultural_anthropologist,D3,CONTRIBUTED,Evidence-backed recommendation provided.,,0.8,2,60.0
Moldova,MDA,cultural_anthropologist,D4,CONTRIBUTED,Evidence-backed recommendation provided.,,0.65,3,50.0
Moldova,MDA,institutional_analyst,D1,CONTRIBUTED,Evidence-backed recommendation provided.,,0.82,12,25.0
Moldova,MDA,institutional_analyst,D2,CONTRIBUTED,Evidence-backed recommendation provided.,,0.7,8,35.0
Moldova,MDA,institutional_analyst,D3,CONTRIBUTED,Evidence-backed recommendation provided.,,0.72,8,72.0
Moldova,MDA,institutional_analyst,D4,CONTRIBUTED,Evidence-backed recommendation provided.,,0.68,7,32.0
Moldova,MDA,historical_analyst,D1,CONTRIBUTED,Evidence-backed recommendation provided.,,0.8,3,30.0
Moldova,MDA,historical_analyst,D2,CONTRIBUTED,Evidence-backed recommendation provided.,,0.7,3,30.0
Moldova,MDA,historical_analyst,D3,CONTRIBUTED,Evidence-backed recommendation provided.,,0.8,3,70.0
Moldova,MDA,historical_analyst,D4,CONTRIBUTED,Evidence-backed recommendation provided.,,0.8,2,25.0
Madagascar,MDG,cultural_anthropologist,D1,CONTRIBUTED,Evidence-backed recommendation provided.,,0.8,4,35.0
Madagascar,MDG,cultural_anthropologist,D2,CONTRIBUTED,Evidence-backed recommendation provided.,,0.5,2,50.0
Madagascar,MDG,cultural_anthropologist,D3,CONTRIBUTED,Evidence-backed recommendation provided.,,0.9,2,75.0
Madagascar,MDG,cultural_anthropologist,D4,CONTRIBUTED,Evidence-backed recommendation provided.,,0.7,2,40.0
Madagascar,MDG,institutional_analyst,D1,CONTRIBUTED,Evidence-backed recommendation provided.,,0.87,11,12.0
Madagascar,MDG,institutional_analyst,D2,CONTRIBUTED,Evidence-backed recommendation provided.,,0.8,8,22.0
Madagascar,MDG,institutional_analyst,D3,CONTRIBUTED,Evidence-backed recommendation provided.,,0.72,7,38.0
Madagascar,MDG,institutional_analyst,D4,CONTRIBUTED,Evidence-backed recommendation provided.,,0.75,5,24.0
Madagascar,MDG,historical_analyst,D1,CONTRIBUTED,Evidence-backed recommendation provided.,,0.6,3,72.0
Madagascar,MDG,historical_analyst,D2,CONTRIBUTED,Evidence-backed recommendation provided.,,0.7,3,40.0
Madagascar,MDG,historical_analyst,D3,CONTRIBUTED,Evidence-backed recommendation provided.,,0.7,3,55.0
Madagascar,MDG,historical_analyst,D4,CONTRIBUTED,Evidence-backed recommendation provided.,,0.7,3,45.0
Maldives,MDV,cultural_anthropologist,D1,CONTRIBUTED,Evidence-backed recommendation provided.,,0.6,3,40.0
Maldives,MDV,cultural_anthropologist,D2,CONTRIBUTED,Evidence-backed recommendation provided.,,0.3,2,50.0
Maldives,MDV,cultural_anthropologist,D3,CONTRIBUTED,Evidence-backed recommendation provided.,,0.7,2,60.0
Maldives,MDV,cultural_anthropologist,D4,CONTRIBUTED,Evidence-backed recommendation provided.,,0.5,2,45.0
Maldives,MDV,institutional_analyst,D1,CONTRIBUTED,Evidence-backed recommendation provided.,,0.78,11,22.0
Maldives,MDV,institutional_analyst,D2,CONTRIBUTED,Evidence-backed recommendation provided.,,0.72,8,28.0
Maldives,MDV,institutional_analyst,D3,CONTRIBUTED,Evidence-backed recommendation provided.,,0.74,9,78.0
Maldives,MDV,institutional_analyst,D4,CONTRIBUTED,Evidence-backed recommendation provided.,,0.62,7,38.0
Maldives,MDV,historical_analyst,D1,CONTRIBUTED,Evidence-backed recommendation provided.,,0.7,3,65.0
Maldives,MDV,historical_analyst,D2,CONTRIBUTED,Evidence-backed recommendation provided.,,0.7,3,40.0
Maldives,MDV,historical_analyst,D3,CONTRIBUTED,Evidence-backed recommendation provided.,,0.7,3,60.0
Maldives,MDV,historical_analyst,D4,CONTRIBUTED,Evidence-backed recommendation provided.,,0.7,3,55.0
Macedonia,MKD,cultural_anthropologist,D1,CONTRIBUTED,Evidence-backed recommendation provided.,,0.8,3,30.0
Macedonia,MKD,cultural_anthropologist,D2,ABSTAINED,Abstained: no citable evidence for this dimension.,ABSTAINED_INSUFFICIENT_EVIDENCE,0.0,0,
Macedonia,MKD,cultural_anthropologist,D3,CONTRIBUTED,Evidence-backed recommendation provided.,,0.7,2,65.0
Macedonia,MKD,cultural_anthropologist,D4,CONTRIBUTED,Evidence-backed recommendation provided.,,0.6,2,40.0
Macedonia,MKD,institutional_analyst,D1,CONTRIBUTED,Evidence-backed recommendation provided.,,0.77,9,22.0
Macedonia,MKD,institutional_analyst,D2,CONTRIBUTED,Evidence-backed recommendation provided.,,0.68,7,62.0
Macedonia,MKD,institutional_analyst,D3,CONTRIBUTED,Evidence-backed recommendation provided.,,0.75,7,75.0
Macedonia,MKD,institutional_analyst,D4,CONTRIBUTED,Evidence-backed recommendation provided.,,0.65,6,38.0
Macedonia,MKD,historical_analyst,D1,CONTRIBUTED,Evidence-backed recommendation provided.,,0.8,2,40.0
Macedonia,MKD,historical_analyst,D2,CONTRIBUTED,Evidence-backed recommendation provided.,,0.7,3,55.0
Macedonia,MKD,historical_analyst,D3,CONTRIBUTED,Evidence-backed recommendation provided.,,0.7,3,60.0
Macedonia,MKD,historical_analyst,D4,CONTRIBUTED,Evidence-backed recommendation provided.,,0.7,3,40.0
Mali,MLI,cultural_anthropologist,D1,CONTRIBUTED,Evidence-backed recommendation provided.,,0.6,3,30.0
Mali,MLI,cultural_anthropologist,D2,ABSTAINED,I found no ethnographic evidence specifically addressing expressive freedom or emotional openness versus suppression in everyday Malian lived experience.,ABSTAINED_INSUFFICIENT_EVIDENCE,0.0,0,
Mali,MLI,cultural_anthropologist,D3,CONTRIBUTED,Evidence-backed recommendation provided.,,0.7,3,75.0
Mali,MLI,cultural_anthropologist,D4,ABSTAINED,No concrete ethnographic evidence was located regarding whether Malian culture emphasizes achievement/competition or prioritizes harmony and quality of life.,ABSTAINED_INSUFFICIENT_EVIDENCE,0.0,0,
Mali,MLI,institutional_analyst,D1,CONTRIBUTED,Evidence-backed recommendation provided.,,0.82,10,12.0
Mali,MLI,institutional_analyst,D2,CONTRIBUTED,Evidence-backed recommendation provided.,,0.7,7,65.0
Mali,MLI,institutional_analyst,D3,CONTRIBUTED,Evidence-backed recommendation provided.,,0.65,7,50.0
Mali,MLI,institutional_analyst,D4,CONTRIBUTED,Evidence-backed recommendation provided.,,0.68,6,30.0
Mali,MLI,historical_analyst,D1,CONTRIBUTED,Evidence-backed recommendation provided.,,0.7,4,75.0
Mali,MLI,historical_analyst,D2,CONTRIBUTED,Evidence-backed recommendation provided.,,0.65,3,60.0
Mali,MLI,historical_analyst,D3,CONTRIBUTED,Evidence-backed recommendation provided.,,0.7,4,40.0
Mali,MLI,historical_analyst,D4,CONTRIBUTED,Evidence-backed recommendation provided.,,0.6,3,55.0
Malta,MLT,cultural_anthropologist,D1,CONTRIBUTED,Evidence-backed recommendation provided.,,0.75,3,35.0
Malta,MLT,cultural_anthropologist,D2,CONTRIBUTED,Evidence-backed recommendation provided.,,0.7,2,60.0
Malta,MLT,cultural_anthropologist,D3,CONTRIBUTED,Evidence-backed recommendation provided.,,0.8,3,75.0
Malta,MLT,cultural_anthropologist,D4,CONTRIBUTED,Evidence-backed recommendation provided.,,0.65,2,50.0
Malta,MLT,institutional_analyst,D1,CONTRIBUTED,Evidence-backed recommendation provided.,,0.72,7,62.0
Malta,MLT,institutional_analyst,D2,CONTRIBUTED,Evidence-backed recommendation provided.,,0.65,6,65.0
Malta,MLT,institutional_analyst,D3,CONTRIBUTED,Evidence-backed recommendation provided.,,0.82,7,88.0
Malta,MLT,institutional_analyst,D4,CONTRIBUTED,Evidence-backed recommendation provided.,,0.67,5,42.0
Malta,MLT,historical_analyst,D1,CONTRIBUTED,Evidence-backed recommendation provided.,,0.75,2,28.0
Malta,MLT,historical_analyst,D2,CONTRIBUTED,Evidence-backed recommendation provided.,,0.7,2,65.0
Malta,MLT,historical_analyst,D3,CONTRIBUTED,Evidence-backed recommendation provided.,,0.7,3,70.0
Malta,MLT,historical_analyst,D4,CONTRIBUTED,Evidence-backed recommendation provided.,,0.7,3,60.0
Montenegro,MNE,cultural_anthropologist,D1,CONTRIBUTED,Evidence-backed recommendation provided.,,0.6,3,40.0
Montenegro,MNE,cultural_anthropologist,D2,ABSTAINED,No substantial ethnographic evidence was found addressing freedom of emotional expression or hierarchical suppression in everyday Montenegrin lived experience.,ABSTAINED_INSUFFICIENT_EVIDENCE,0.0,0,
Montenegro,MNE,cultural_anthropologist,D3,ABSTAINED,"Lack of evidence on psychological need for rules, order, ambiguity tolerance or structural norms in everyday life.",ABSTAINED_INSUFFICIENT_EVIDENCE,0.0,0,
Montenegro,MNE,cultural_anthropologist,D4,CONTRIBUTED,Evidence-backed recommendation provided.,,0.6,3,45.0
Montenegro,MNE,institutional_analyst,D1,CONTRIBUTED,Evidence-backed recommendation provided.,,0.74,10,18.0
Montenegro,MNE,institutional_analyst,D2,CONTRIBUTED,Evidence-backed recommendation provided.,,0.58,7,52.0
Montenegro,MNE,institutional_analyst,D3,CONTRIBUTED,Evidence-backed recommendation provided.,,0.7,7,72.0
Montenegro,MNE,institutional_analyst,D4,CONTRIBUTED,Evidence-backed recommendation provided.,,0.62,6,32.0
Montenegro,MNE,historical_analyst,D1,CONTRIBUTED,Evidence-backed recommendation provided.,,0.8,6,72.0
Montenegro,MNE,historical_analyst,D2,CONTRIBUTED,Evidence-backed recommendation provided.,,0.75,6,48.0
Montenegro,MNE,historical_analyst,D3,CONTRIBUTED,Evidence-backed recommendation provided.,,0.7,6,60.0
Montenegro,MNE,historical_analyst,D4,CONTRIBUTED,Evidence-backed recommendation provided.,,0.7,6,65.0
Mauritania,MRT,cultural_anthropologist,D1,CONTRIBUTED,Evidence-backed recommendation provided.,,0.8,2,25.0
Mauritania,MRT,cultural_anthropologist,D2,CONTRIBUTED,Evidence-backed recommendation provided.,,0.7,2,30.0
Mauritania,MRT,cultural_anthropologist,D3,CONTRIBUTED,Evidence-backed recommendation provided.,,0.75,2,60.0
Mauritania,MRT,cultural_anthropologist,D4,CONTRIBUTED,Evidence-backed recommendation provided.,,0.6,2,40.0
Mauritania,MRT,institutional_analyst,D1,CONTRIBUTED,Evidence-backed recommendation provided.,,0.82,10,12.0
Mauritania,MRT,institutional_analyst,D2,CONTRIBUTED,Evidence-backed recommendation provided.,,0.74,8,30.0
Mauritania,MRT,institutional_analyst,D3,CONTRIBUTED,Evidence-backed recommendation provided.,,0.67,8,58.0
Mauritania,MRT,institutional_analyst,D4,CONTRIBUTED,Evidence-backed recommendation provided.,,0.7,7,26.0
Mauritania,MRT,historical_analyst,D1,CONTRIBUTED,Evidence-backed recommendation provided.,,0.8,4,25.0
Mauritania,MRT,historical_analyst,D2,CONTRIBUTED,Evidence-backed recommendation provided.,,0.75,4,30.0
Mauritania,MRT,historical_analyst,D3,CONTRIBUTED,Evidence-backed recommendation provided.,,0.7,4,65.0
Mauritania,MRT,historical_analyst,D4,CONTRIBUTED,Evidence-backed recommendation provided.,,0.7,4,40.0
Niger,NER,cultural_anthropologist,D1,CONTRIBUTED,Evidence-backed recommendation provided.,,0.8,2,30.0
Niger,NER,cultural_anthropologist,D2,CONTRIBUTED,Evidence-backed recommendation provided.,,0.6,2,50.0
Niger,NER,cultural_anthropologist,D3,CONTRIBUTED,Evidence-backed recommendation provided.,,0.7,2,60.0
Niger,NER,cultural_anthropologist,D4,CONTRIBUTED,Evidence-backed recommendation provided.,,0.6,1,40.0
Niger,NER,institutional_analyst,D1,CONTRIBUTED,Evidence-backed recommendation provided.,,0.82,9,12.0
Niger,NER,institutional_analyst,D2,CONTRIBUTED,Evidence-backed recommendation provided.,,0.7,7,33.0
Niger,NER,institutional_analyst,D3,CONTRIBUTED,Evidence-backed recommendation provided.,,0.65,7,38.0
Niger,NER,institutional_analyst,D4,CONTRIBUTED,Evidence-backed recommendation provided.,,0.75,6,22.0
Niger,NER,historical_analyst,D1,CONTRIBUTED,Evidence-backed recommendation provided.,,0.85,4,67.0
Niger,NER,historical_analyst,D2,CONTRIBUTED,Evidence-backed recommendation provided.,,0.8,4,42.0
Niger,NER,historical_analyst,D3,CONTRIBUTED,Evidence-backed recommendation provided.,,0.75,4,51.0
Niger,NER,historical_analyst,D4,CONTRIBUTED,Evidence-backed recommendation provided.,,0.8,4,35.0
NIR,NIR,cultural_anthropologist,D1,CONTRIBUTED,Evidence-backed recommendation provided.,,0.7,3,40.0
NIR,NIR,cultural_anthropologist,D2,CONTRIBUTED,Evidence-backed recommendation provided.,,0.75,3,45.0
NIR,NIR,cultural_anthropologist,D3,CONTRIBUTED,Evidence-backed recommendation provided.,,0.8,2,85.0
NIR,NIR,cultural_anthropologist,D4,CONTRIBUTED,Evidence-backed recommendation provided.,,0.5,1,50.0
NIR,NIR,institutional_analyst,D1,CONTRIBUTED,Evidence-backed recommendation provided.,,0.68,9,72.0
NIR,NIR,institutional_analyst,D2,CONTRIBUTED,Evidence-backed recommendation provided.,,0.62,7,58.0
NIR,NIR,institutional_analyst,D3,CONTRIBUTED,Evidence-backed recommendation provided.,,0.65,7,68.0
NIR,NIR,institutional_analyst,D4,CONTRIBUTED,Evidence-backed recommendation provided.,,0.66,6,65.0
NIR,NIR,historical_analyst,D1,CONTRIBUTED,Evidence-backed recommendation provided.,,0.75,4,58.0
NIR,NIR,historical_analyst,D2,CONTRIBUTED,Evidence-backed recommendation provided.,,0.7,4,52.0
NIR,NIR,historical_analyst,D3,CONTRIBUTED,Evidence-backed recommendation provided.,,0.7,4,55.0
NIR,NIR,historical_analyst,D4,CONTRIBUTED,Evidence-backed recommendation provided.,,0.75,4,60.0
Papua New Guinea,PNG,cultural_anthropologist,D1,CONTRIBUTED,Evidence-backed recommendation provided.,,0.7,4,25.0
Papua New Guinea,PNG,cultural_anthropologist,D2,CONTRIBUTED,Evidence-backed recommendation provided.,,0.6,3,60.0
Papua New Guinea,PNG,cultural_anthropologist,D3,CONTRIBUTED,Evidence-backed recommendation provided.,,0.5,2,40.0
Papua New Guinea,PNG,cultural_anthropologist,D4,CONTRIBUTED,Evidence-backed recommendation provided.,,0.5,1,35.0
Papua New Guinea,PNG,institutional_analyst,D1,CONTRIBUTED,Evidence-backed recommendation provided.,,0.88,13,12.0
Papua New Guinea,PNG,institutional_analyst,D2,CONTRIBUTED,Evidence-backed recommendation provided.,,0.65,7,52.0
Papua New Guinea,PNG,institutional_analyst,D3,CONTRIBUTED,Evidence-backed recommendation provided.,,0.7,7,35.0
Papua New Guinea,PNG,institutional_analyst,D4,CONTRIBUTED,Evidence-backed recommendation provided.,,0.68,6,38.0
Papua New Guinea,PNG,historical_analyst,D1,CONTRIBUTED,Evidence-backed recommendation provided.,,0.85,3,30.0
Papua New Guinea,PNG,historical_analyst,D2,CONTRIBUTED,Evidence-backed recommendation provided.,,0.7,3,65.0
Papua New Guinea,PNG,historical_analyst,D3,CONTRIBUTED,Evidence-backed recommendation provided.,,0.75,3,35.0
Papua New Guinea,PNG,historical_analyst,D4,CONTRIBUTED,Evidence-backed recommendation provided.,,0.7,3,55.0
North Korea,PRK,cultural_anthropologist,D1,CONTRIBUTED,Evidence-backed recommendation provided.,,0.8,3,15.0
North Korea,PRK,cultural_anthropologist,D2,CONTRIBUTED,Evidence-backed recommendation provided.,,0.75,3,25.0
North Korea,PRK,cultural_anthropologist,D3,CONTRIBUTED,Evidence-backed recommendation provided.,,0.9,2,90.0
North Korea,PRK,cultural_anthropologist,D4,CONTRIBUTED,Evidence-backed recommendation provided.,,0.7,2,20.0
North Korea,PRK,institutional_analyst,D1,CONTRIBUTED,Evidence-backed recommendation provided.,,0.88,9,6.0
North Korea,PRK,institutional_analyst,D2,CONTRIBUTED,Evidence-backed recommendation provided.,,0.85,8,5.0
North Korea,PRK,institutional_analyst,D3,CONTRIBUTED,Evidence-backed recommendation provided.,,0.87,9,96.0
North Korea,PRK,institutional_analyst,D4,CONTRIBUTED,Evidence-backed recommendation provided.,,0.72,7,28.0
North Korea,PRK,historical_analyst,D1,CONTRIBUTED,Evidence-backed recommendation provided.,,0.85,5,10.0
North Korea,PRK,historical_analyst,D2,CONTRIBUTED,Evidence-backed recommendation provided.,,0.8,4,10.0
North Korea,PRK,historical_analyst,D3,CONTRIBUTED,Evidence-backed recommendation provided.,,0.8,5,85.0
North Korea,PRK,historical_analyst,D4,CONTRIBUTED,Evidence-backed recommendation provided.,,0.7,4,70.0
Palestine,PSE,cultural_anthropologist,D1,CONTRIBUTED,Evidence-backed recommendation provided.,,0.8,3,20.0
Palestine,PSE,cultural_anthropologist,D2,CONTRIBUTED,Evidence-backed recommendation provided.,,0.7,2,50.0
Palestine,PSE,cultural_anthropologist,D3,ABSTAINED,Insufficient ethnographic evidence on general need for rule/order or discomfort with ambiguity.,ABSTAINED_INSUFFICIENT_EVIDENCE,0.0,0,
Palestine,PSE,cultural_anthropologist,D4,ABSTAINED,Lack of concrete ethnographic detail regarding achievement‑orientation versus harmony orientation.,ABSTAINED_INSUFFICIENT_EVIDENCE,0.0,0,
Palestine,PSE,institutional_analyst,D1,CONTRIBUTED,Evidence-backed recommendation provided.,,0.87,13,14.0
Palestine,PSE,institutional_analyst,D2,CONTRIBUTED,Evidence-backed recommendation provided.,,0.75,8,62.0
Palestine,PSE,institutional_analyst,D3,CONTRIBUTED,Evidence-backed recommendation provided.,,0.8,8,76.0
Palestine,PSE,institutional_analyst,D4,CONTRIBUTED,Evidence-backed recommendation provided.,,0.68,7,52.0
Palestine,PSE,historical_analyst,D1,CONTRIBUTED,Evidence-backed recommendation provided.,,0.8,4,26.0
Palestine,PSE,historical_analyst,D2,CONTRIBUTED,Evidence-backed recommendation provided.,,0.7,4,45.0
Palestine,PSE,historical_analyst,D3,CONTRIBUTED,Evidence-backed recommendation provided.,,0.7,4,68.0
Palestine,PSE,historical_analyst,D4,CONTRIBUTED,Evidence-backed recommendation provided.,,0.7,3,72.0
Rwanda,RWA,cultural_anthropologist,D1,CONTRIBUTED,Evidence-backed recommendation provided.,,0.7,3,20.0
Rwanda,RWA,cultural_anthropologist,D2,CONTRIBUTED,Evidence-backed recommendation provided.,,0.8,3,10.0
Rwanda,RWA,cultural_anthropologist,D3,CONTRIBUTED,Evidence-backed recommendation provided.,,0.7,2,70.0
Rwanda,RWA,cultural_anthropologist,D4,ABSTAINED,Abstained: no citable evidence for this dimension.,ABSTAINED_INSUFFICIENT_EVIDENCE,0.0,0,
Rwanda,RWA,institutional_analyst,D1,CONTRIBUTED,Evidence-backed recommendation provided.,,0.85,9,15.0
Rwanda,RWA,institutional_analyst,D2,CONTRIBUTED,Evidence-backed recommendation provided.,,0.78,8,22.0
Rwanda,RWA,institutional_analyst,D3,CONTRIBUTED,Evidence-backed recommendation provided.,,0.8,8,72.0
Rwanda,RWA,institutional_analyst,D4,CONTRIBUTED,Evidence-backed recommendation provided.,,0.72,7,60.0
Rwanda,RWA,historical_analyst,D1,CONTRIBUTED,Evidence-backed recommendation provided.,,0.8,5,26.0
Rwanda,RWA,historical_analyst,D2,CONTRIBUTED,Evidence-backed recommendation provided.,,0.85,4,22.0
Rwanda,RWA,historical_analyst,D3,CONTRIBUTED,Evidence-backed recommendation provided.,,0.9,4,82.0
Rwanda,RWA,historical_analyst,D4,CONTRIBUTED,Evidence-backed recommendation provided.,,0.8,4,70.0
Sudan,SDN,cultural_anthropologist,D1,CONTRIBUTED,Evidence-backed recommendation provided.,,0.75,2,80.0
Sudan,SDN,cultural_anthropologist,D2,CONTRIBUTED,Evidence-backed recommendation provided.,,0.7,2,30.0
Sudan,SDN,cultural_anthropologist,D3,CONTRIBUTED,Evidence-backed recommendation provided.,,0.75,2,70.0
Sudan,SDN,cultural_anthropologist,D4,CONTRIBUTED,Evidence-backed recommendation provided.,,0.6,2,50.0
Sudan,SDN,institutional_analyst,D1,CONTRIBUTED,Evidence-backed recommendation provided.,,0.88,11,12.0
Sudan,SDN,institutional_analyst,D2,CONTRIBUTED,Evidence-backed recommendation provided.,,0.74,9,30.0
Sudan,SDN,institutional_analyst,D3,CONTRIBUTED,Evidence-backed recommendation provided.,,0.7,8,62.0
Sudan,SDN,institutional_analyst,D4,CONTRIBUTED,Evidence-backed recommendation provided.,,0.68,6,32.0
Sudan,SDN,historical_analyst,D1,CONTRIBUTED,Evidence-backed recommendation provided.,,0.85,4,30.0
Sudan,SDN,historical_analyst,D2,CONTRIBUTED,Evidence-backed recommendation provided.,,0.8,3,25.0
Sudan,SDN,historical_analyst,D3,CONTRIBUTED,Evidence-backed recommendation provided.,,0.8,3,70.0
Sudan,SDN,historical_analyst,D4,CONTRIBUTED,Evidence-backed recommendation provided.,,0.75,3,40.0
Somalia,SOM,cultural_anthropologist,D1,CONTRIBUTED,Evidence-backed recommendation provided.,,0.7,3,20.0
Somalia,SOM,cultural_anthropologist,D2,CONTRIBUTED,Evidence-backed recommendation provided.,,0.6,3,60.0
Somalia,SOM,cultural_anthropologist,D3,CONTRIBUTED,Evidence-backed recommendation provided.,,0.6,3,50.0
Somalia,SOM,cultural_anthropologist,D4,CONTRIBUTED,Evidence-backed recommendation provided.,,0.5,3,55.0
Somalia,SOM,institutional_analyst,D1,CONTRIBUTED,Evidence-backed recommendation provided.,,0.87,11,12.0
Somalia,SOM,institutional_analyst,D2,CONTRIBUTED,Evidence-backed recommendation provided.,,0.65,7,62.0
Somalia,SOM,institutional_analyst,D3,CONTRIBUTED,Evidence-backed recommendation provided.,,0.62,8,38.0
Somalia,SOM,institutional_analyst,D4,CONTRIBUTED,Evidence-backed recommendation provided.,,0.58,7,55.0
Somalia,SOM,historical_analyst,D1,CONTRIBUTED,Evidence-backed recommendation provided.,,0.8,4,25.0
Somalia,SOM,historical_analyst,D2,CONTRIBUTED,Evidence-backed recommendation provided.,,0.75,4,70.0
Somalia,SOM,historical_analyst,D3,CONTRIBUTED,Evidence-backed recommendation provided.,,0.8,4,25.0
Somalia,SOM,historical_analyst,D4,CONTRIBUTED,Evidence-backed recommendation provided.,,0.7,4,65.0
South Sudan,SSD,cultural_anthropologist,D1,CONTRIBUTED,Evidence-backed recommendation provided.,,0.8,3,20.0
South Sudan,SSD,cultural_anthropologist,D2,ABSTAINED,I found no direct ethnographic evidence distinguishing emotional freedom or suppression (Expression) in everyday practice; hence abstaining.,ABSTAINED_INSUFFICIENT_EVIDENCE,0.0,0,
South Sudan,SSD,cultural_anthropologist,D3,CONTRIBUTED,Evidence-backed recommendation provided.,,0.75,4,60.0
South Sudan,SSD,cultural_anthropologist,D4,ABSTAINED,"There is insufficient ethnographic evidence regarding cultural emphasis on achievement vs. harmony or quality of life, so abstaining.",ABSTAINED_INSUFFICIENT_EVIDENCE,0.0,0,
South Sudan,SSD,institutional_analyst,D1,CONTRIBUTED,Evidence-backed recommendation provided.,,0.82,10,12.0
South Sudan,SSD,institutional_analyst,D2,CONTRIBUTED,Evidence-backed recommendation provided.,,0.74,9,28.0
South Sudan,SSD,institutional_analyst,D3,CONTRIBUTED,Evidence-backed recommendation provided.,,0.68,10,35.0
South Sudan,SSD,institutional_analyst,D4,CONTRIBUTED,Evidence-backed recommendation provided.,,0.73,6,22.0
South Sudan,SSD,historical_analyst,D1,CONTRIBUTED,Evidence-backed recommendation provided.,,0.7,2,40.0
South Sudan,SSD,historical_analyst,D2,CONTRIBUTED,Evidence-backed recommendation provided.,,0.65,2,70.0
South Sudan,SSD,historical_analyst,D3,CONTRIBUTED,Evidence-backed recommendation provided.,,0.8,3,20.0
South Sudan,SSD,historical_analyst,D4,CONTRIBUTED,Evidence-backed recommendation provided.,,0.6,2,60.0
Chad,TCD,cultural_anthropologist,D1,CONTRIBUTED,Evidence-backed recommendation provided.,,0.8,2,30.0
Chad,TCD,cultural_anthropologist,D2,ABSTAINED,Abstained: no citable evidence for this dimension.,ABSTAINED_INSUFFICIENT_EVIDENCE,0.0,0,
Chad,TCD,cultural_anthropologist,D3,CONTRIBUTED,Evidence-backed recommendation provided.,,0.85,2,70.0
Chad,TCD,cultural_anthropologist,D4,ABSTAINED,Abstained: no citable evidence for this dimension.,ABSTAINED_INSUFFICIENT_EVIDENCE,0.0,0,
Chad,TCD,institutional_analyst,D1,CONTRIBUTED,Evidence-backed recommendation provided.,,0.75,9,12.0
Chad,TCD,institutional_analyst,D2,CONTRIBUTED,Evidence-backed recommendation provided.,,0.62,7,42.0
Chad,TCD,institutional_analyst,D3,CONTRIBUTED,Evidence-backed recommendation provided.,,0.6,6,35.0
Chad,TCD,institutional_analyst,D4,CONTRIBUTED,Evidence-backed recommendation provided.,,0.65,5,28.0
Chad,TCD,historical_analyst,D1,CONTRIBUTED,Evidence-backed recommendation provided.,,0.9,4,20.0
Chad,TCD,historical_analyst,D2,CONTRIBUTED,Evidence-backed recommendation provided.,,0.7,3,40.0
Chad,TCD,historical_analyst,D3,CONTRIBUTED,Evidence-backed recommendation provided.,,0.7,3,60.0
Chad,TCD,historical_analyst,D4,CONTRIBUTED,Evidence-backed recommendation provided.,,0.8,3,30.0
Togo,TGO,cultural_anthropologist,D1,CONTRIBUTED,Evidence-backed recommendation provided.,,0.7,4,25.0
Togo,TGO,cultural_anthropologist,D2,ABSTAINED,Abstained: no citable evidence for this dimension.,ABSTAINED_INSUFFICIENT_EVIDENCE,0.0,0,
Togo,TGO,cultural_anthropologist,D3,CONTRIBUTED,Evidence-backed recommendation provided.,,0.5,2,35.0
Togo,TGO,cultural_anthropologist,D4,ABSTAINED,Abstained: no citable evidence for this dimension.,ABSTAINED_INSUFFICIENT_EVIDENCE,0.0,0,
Togo,TGO,institutional_analyst,D1,CONTRIBUTED,Evidence-backed recommendation provided.,,0.82,10,12.0
Togo,TGO,institutional_analyst,D2,CONTRIBUTED,Evidence-backed recommendation provided.,,0.7,8,30.0
Togo,TGO,institutional_analyst,D3,CONTRIBUTED,Evidence-backed recommendation provided.,,0.68,8,32.0
Togo,TGO,institutional_analyst,D4,CONTRIBUTED,Evidence-backed recommendation provided.,,0.65,7,45.0
Togo,TGO,historical_analyst,D1,CONTRIBUTED,Evidence-backed recommendation provided.,,0.85,4,25.0
Togo,TGO,historical_analyst,D2,CONTRIBUTED,Evidence-backed recommendation provided.,,0.75,3,55.0
Togo,TGO,historical_analyst,D3,CONTRIBUTED,Evidence-backed recommendation provided.,,0.7,3,60.0
Togo,TGO,historical_analyst,D4,CONTRIBUTED,Evidence-backed recommendation provided.,,0.7,3,45.0
Turkmenistan,TKM,cultural_anthropologist,D1,CONTRIBUTED,Evidence-backed recommendation provided.,,0.75,3,30.0
Turkmenistan,TKM,cultural_anthropologist,D2,CONTRIBUTED,Evidence-backed recommendation provided.,,0.8,3,25.0
Turkmenistan,TKM,cultural_anthropologist,D3,CONTRIBUTED,Evidence-backed recommendation provided.,,0.85,3,80.0
Turkmenistan,TKM,cultural_anthropologist,D4,CONTRIBUTED,Evidence-backed recommendation provided.,,0.7,2,40.0
Turkmenistan,TKM,institutional_analyst,D1,CONTRIBUTED,Evidence-backed recommendation provided.,,0.82,11,12.0
Turkmenistan,TKM,institutional_analyst,D2,CONTRIBUTED,Evidence-backed recommendation provided.,,0.84,8,14.0
Turkmenistan,TKM,institutional_analyst,D3,CONTRIBUTED,Evidence-backed recommendation provided.,,0.76,8,85.0
Turkmenistan,TKM,institutional_analyst,D4,CONTRIBUTED,Evidence-backed recommendation provided.,,0.65,5,35.0
Turkmenistan,TKM,historical_analyst,D1,CONTRIBUTED,Evidence-backed recommendation provided.,,0.85,2,18.0
Turkmenistan,TKM,historical_analyst,D2,CONTRIBUTED,Evidence-backed recommendation provided.,,0.8,2,12.0
Turkmenistan,TKM,historical_analyst,D3,CONTRIBUTED,Evidence-backed recommendation provided.,,0.78,2,82.0
Turkmenistan,TKM,historical_analyst,D4,CONTRIBUTED,Evidence-backed recommendation provided.,,0.72,2,35.0
Antigua and Barbuda,ATG,cultural_anthropologist,D1,CONTRIBUTED,Evidence-backed recommendation provided.,,0.6,3,40.0
Antigua and Barbuda,ATG,cultural_anthropologist,D2,CONTRIBUTED,Evidence-backed recommendation provided.,,0.4,2,50.0
Antigua and Barbuda,ATG,cultural_anthropologist,D3,CONTRIBUTED,Evidence-backed recommendation provided.,,0.6,2,30.0
Antigua and Barbuda,ATG,cultural_anthropologist,D4,CONTRIBUTED,Evidence-backed recommendation provided.,,0.6,2,35.0
Antigua and Barbuda,ATG,institutional_analyst,D1,CONTRIBUTED,Evidence-backed recommendation provided.,,0.72,10,32.0
Antigua and Barbuda,ATG,institutional_analyst,D2,CONTRIBUTED,Evidence-backed recommendation provided.,,0.68,8,74.0
Antigua and Barbuda,ATG,institutional_analyst,D3,CONTRIBUTED,Evidence-backed recommendation provided.,,0.6,8,44.0
Antigua and Barbuda,ATG,institutional_analyst,D4,CONTRIBUTED,Evidence-backed recommendation provided.,,0.62,7,42.0
Antigua and Barbuda,ATG,historical_analyst,D1,CONTRIBUTED,Evidence-backed recommendation provided.,,0.7,4,61.0
Antigua and Barbuda,ATG,historical_analyst,D2,CONTRIBUTED,Evidence-backed recommendation provided.,,0.6,4,55.0
Antigua and Barbuda,ATG,historical_analyst,D3,CONTRIBUTED,Evidence-backed recommendation provided.,,0.7,3,35.0
Antigua and Barbuda,ATG,historical_analyst,D4,CONTRIBUTED,Evidence-backed recommendation provided.,,0.6,3,42.0
Bahrain,BHR,cultural_anthropologist,D1,CONTRIBUTED,Evidence-backed recommendation provided.,,0.8,3,20.0
Bahrain,BHR,cultural_anthropologist,D2,ABSTAINED,No ethnographic or field‑based evidence on emotional openness versus restraint was found specific to Bahrain’s lived everyday expression of emotion. School‑level or survey data on emotional display patterns remains unavailable.,ABSTAINED_INSUFFICIENT_EVIDENCE,0.3,0,
Bahrain,BHR,cultural_anthropologist,D3,ABSTAINED,"There is no concrete evidence from ethnographies or lived‑experience studies about norms around rules, structure, ambiguity avoidance, punctuality, or the psychological preference for order in daily Bahraini life. Governance quality or institutional strength cannot be used.",ABSTAINED_INSUFFICIENT_EVIDENCE,0.3,0,
Bahrain,BHR,cultural_anthropologist,D4,ABSTAINED,"No field studies or ethnographic sources were found that specifically address whether Bahraini culture values achievement, competition, performance (Drive high) versus harmony and acceptance (Drive low).",ABSTAINED_INSUFFICIENT_EVIDENCE,0.3,0,
Bahrain,BHR,institutional_analyst,D1,CONTRIBUTED,Evidence-backed recommendation provided.,,0.78,9,18.0
Bahrain,BHR,institutional_analyst,D2,CONTRIBUTED,Evidence-backed recommendation provided.,,0.72,7,32.0
Bahrain,BHR,institutional_analyst,D3,CONTRIBUTED,Evidence-backed recommendation provided.,,0.73,7,72.0
Bahrain,BHR,institutional_analyst,D4,CONTRIBUTED,Evidence-backed recommendation provided.,,0.65,7,52.0
Bahrain,BHR,historical_analyst,D1,CONTRIBUTED,Evidence-backed recommendation provided.,,0.8,4,65.0
Bahrain,BHR,historical_analyst,D2,CONTRIBUTED,Evidence-backed recommendation provided.,,0.7,2,40.0
Bahrain,BHR,historical_analyst,D3,CONTRIBUTED,Evidence-backed recommendation provided.,,0.8,3,80.0
Bahrain,BHR,historical_analyst,D4,CONTRIBUTED,Evidence-backed recommendation provided.,,0.7,3,70.0
Barbados,BRB,cultural_anthropologist,D1,CONTRIBUTED,Evidence-backed recommendation provided.,,0.8,3,40.0
Barbados,BRB,cultural_anthropologist,D2,ABSTAINED,Insufficient ethnographic evidence about the freedom of emotional expression or hierarchical suppression in Barbados to support a reliable score for Expression.,ABSTAINED_INSUFFICIENT_EVIDENCE,0.0,0,
Barbados,BRB,cultural_anthropologist,D3,ABSTAINED,"No direct evidence about norms around rules, order, predictability or ambiguity avoidance in Barbados was identified; abstaining.",ABSTAINED_INSUFFICIENT_EVIDENCE,0.0,0,
Barbados,BRB,cultural_anthropologist,D4,ABSTAINED,Lack of specific evidence addressing achievement-orientation vs harmony/relationships in lived Barbadian culture; abstaining.,ABSTAINED_INSUFFICIENT_EVIDENCE,0.0,0,
Barbados,BRB,institutional_analyst,D1,CONTRIBUTED,Evidence-backed recommendation provided.,,0.62,9,45.0
Barbados,BRB,institutional_analyst,D2,CONTRIBUTED,Evidence-backed recommendation provided.,,0.68,8,58.0
Barbados,BRB,institutional_analyst,D3,CONTRIBUTED,Evidence-backed recommendation provided.,,0.65,8,60.0
Barbados,BRB,institutional_analyst,D4,CONTRIBUTED,Evidence-backed recommendation provided.,,0.67,7,42.0
Barbados,BRB,historical_analyst,D1,CONTRIBUTED,Evidence-backed recommendation provided.,,0.7,5,46.0
Barbados,BRB,historical_analyst,D2,CONTRIBUTED,Evidence-backed recommendation provided.,,0.65,4,55.0
Barbados,BRB,historical_analyst,D3,CONTRIBUTED,Evidence-backed recommendation provided.,,0.75,5,70.0
Barbados,BRB,historical_analyst,D4,CONTRIBUTED,Evidence-backed recommendation provided.,,0.65,4,60.0
Congo (Brazzaville),COG,cultural_anthropologist,D1,CONTRIBUTED,Evidence-backed recommendation provided.,,0.8,2,20.0
Congo (Brazzaville),COG,cultural_anthropologist,D2,CONTRIBUTED,Evidence-backed recommendation provided.,,0.7,2,40.0
Congo (Brazzaville),COG,cultural_anthropologist,D3,CONTRIBUTED,Evidence-backed recommendation provided.,,0.8,2,70.0
Congo (Brazzaville),COG,cultural_anthropologist,D4,CONTRIBUTED,Evidence-backed recommendation provided.,,0.7,2,50.0
Congo (Brazzaville),COG,institutional_analyst,D1,CONTRIBUTED,Evidence-backed recommendation provided.,,0.78,8,18.0
Congo (Brazzaville),COG,institutional_analyst,D2,CONTRIBUTED,Evidence-backed recommendation provided.,,0.71,7,72.0
Congo (Brazzaville),COG,institutional_analyst,D3,CONTRIBUTED,Evidence-backed recommendation provided.,,0.68,6,28.0
Congo (Brazzaville),COG,institutional_analyst,D4,CONTRIBUTED,Evidence-backed recommendation provided.,,0.62,6,55.0
Congo (Brazzaville),COG,historical_analyst,D1,CONTRIBUTED,Evidence-backed recommendation provided.,,0.75,4,35.0
Congo (Brazzaville),COG,historical_analyst,D2,CONTRIBUTED,Evidence-backed recommendation provided.,,0.7,3,60.0
Congo (Brazzaville),COG,historical_analyst,D3,CONTRIBUTED,Evidence-backed recommendation provided.,,0.7,3,40.0
Congo (Brazzaville),COG,historical_analyst,D4,CONTRIBUTED,Evidence-backed recommendation provided.,,0.7,3,45.0
Comoros,COM,cultural_anthropologist,D1,CONTRIBUTED,Evidence-backed recommendation provided.,,0.8,2,20.0
Comoros,COM,cultural_anthropologist,D2,ABSTAINED,Insufficient ethnographic evidence found concerning emotional expressiveness or hierarchical suppression of expression in Comoros.,ABSTAINED_INSUFFICIENT_EVIDENCE,0.2,0,
Comoros,COM,cultural_anthropologist,D3,CONTRIBUTED,Evidence-backed recommendation provided.,,0.7,2,60.0
Comoros,COM,cultural_anthropologist,D4,CONTRIBUTED,Evidence-backed recommendation provided.,,0.6,2,30.0
Comoros,COM,institutional_analyst,D1,CONTRIBUTED,Evidence-backed recommendation provided.,,0.77,10,18.0
Comoros,COM,institutional_analyst,D2,CONTRIBUTED,Evidence-backed recommendation provided.,,0.68,8,32.0
Comoros,COM,institutional_analyst,D3,CONTRIBUTED,Evidence-backed recommendation provided.,,0.7,9,68.0
Comoros,COM,institutional_analyst,D4,CONTRIBUTED,Evidence-backed recommendation provided.,,0.62,8,52.0
Comoros,COM,historical_analyst,D1,CONTRIBUTED,Evidence-backed recommendation provided.,,0.75,4,25.0
Comoros,COM,historical_analyst,D2,CONTRIBUTED,Evidence-backed recommendation provided.,,0.8,3,30.0
Comoros,COM,historical_analyst,D3,CONTRIBUTED,Evidence-backed recommendation provided.,,0.7,3,60.0
Comoros,COM,historical_analyst,D4,CONTRIBUTED,Evidence-backed recommendation provided.,,0.75,3,40.0
Dominica,DMA,cultural_anthropologist,D1,CONTRIBUTED,Evidence-backed recommendation provided.,,0.6,2,30.0
Dominica,DMA,cultural_anthropologist,D2,ABSTAINED,No ethnographic evidence found specifically addressing freedom of emotional expression or hierarchical suppression across social contexts to assess openness vs restraint.,ABSTAINED_INSUFFICIENT_EVIDENCE,0.0,0,
Dominica,DMA,cultural_anthropologist,D3,ABSTAINED,"No direct ethnographic or lived‐experience data on norms around rule‐following, planning, or ambiguity tolerance were located.",ABSTAINED_INSUFFICIENT_EVIDENCE,0.0,0,
Dominica,DMA,cultural_anthropologist,D4,ABSTAINED,"Absent evidence on achievement orientation vs relational harmony as cultural drivers in Dominica; existing literature focuses on kinship, identity, resilience rather than performance/competition.",ABSTAINED_INSUFFICIENT_EVIDENCE,0.0,0,
Dominica,DMA,institutional_analyst,D1,CONTRIBUTED,Evidence-backed recommendation provided.,,0.72,11,28.0
Dominica,DMA,institutional_analyst,D2,CONTRIBUTED,Evidence-backed recommendation provided.,,0.65,9,70.0
Dominica,DMA,institutional_analyst,D3,CONTRIBUTED,Evidence-backed recommendation provided.,,0.55,8,48.0
Dominica,DMA,institutional_analyst,D4,CONTRIBUTED,Evidence-backed recommendation provided.,,0.6,6,42.0
Dominica,DMA,historical_analyst,D1,CONTRIBUTED,Evidence-backed recommendation provided.,,0.75,4,35.0
Dominica,DMA,historical_analyst,D2,CONTRIBUTED,Evidence-backed recommendation provided.,,0.7,3,40.0
Dominica,DMA,historical_analyst,D3,CONTRIBUTED,Evidence-backed recommendation provided.,,0.7,4,55.0
Dominica,DMA,historical_analyst,D4,CONTRIBUTED,Evidence-backed recommendation provided.,,0.75,4,45.0
Micronesia (Fed. States),FSM,cultural_anthropologist,D1,CONTRIBUTED,Evidence-backed recommendation provided.,,0.85,3,30.0
Micronesia (Fed. States),FSM,cultural_anthropologist,D2,ABSTAINED,"I found no direct, reliable ethnographic evidence about emotional expression openness or hierarchical suppression relevant to FSM.",ABSTAINED_INSUFFICIENT_EVIDENCE,0.0,0,
Micronesia (Fed. States),FSM,cultural_anthropologist,D3,CONTRIBUTED,Evidence-backed recommendation provided.,,0.8,3,70.0
Micronesia (Fed. States),FSM,cultural_anthropologist,D4,CONTRIBUTED,Evidence-backed recommendation provided.,,0.75,2,25.0
Micronesia (Fed. States),FSM,institutional_analyst,D1,CONTRIBUTED,Evidence-backed recommendation provided.,,0.88,10,10.0
Micronesia (Fed. States),FSM,institutional_analyst,D2,CONTRIBUTED,Evidence-backed recommendation provided.,,0.82,8,16.0
Micronesia (Fed. States),FSM,institutional_analyst,D3,CONTRIBUTED,Evidence-backed recommendation provided.,,0.71,9,62.0
Micronesia (Fed. States),FSM,institutional_analyst,D4,CONTRIBUTED,Evidence-backed recommendation provided.,,0.83,7,18.0
Micronesia (Fed. States),FSM,historical_analyst,D1,CONTRIBUTED,Evidence-backed recommendation provided.,,0.8,2,35.0
Micronesia (Fed. States),FSM,historical_analyst,D2,CONTRIBUTED,Evidence-backed recommendation provided.,,0.7,2,30.0
Micronesia (Fed. States),FSM,historical_analyst,D3,CONTRIBUTED,Evidence-backed recommendation provided.,,0.75,3,70.0
Micronesia (Fed. States),FSM,historical_analyst,D4,CONTRIBUTED,Evidence-backed recommendation provided.,,0.85,2,20.0
Grenada,GRD,cultural_anthropologist,D1,CONTRIBUTED,Evidence-backed recommendation provided.,,0.75,3,40.0
Grenada,GRD,cultural_anthropologist,D2,ABSTAINED,No sufficient ethnographic or lived‑experience data found on freedom of emotional expression or suppression in Grenada to assess Expression.,ABSTAINED_INSUFFICIENT_EVIDENCE,0.0,0,
Grenada,GRD,cultural_anthropologist,D3,CONTRIBUTED,Evidence-backed recommendation provided.,,0.7,3,60.0
Grenada,GRD,cultural_anthropologist,D4,ABSTAINED,"Insufficient evidence regarding achievement‑orientation vs harmony‑orientation in lived practice; data on competition, striving or performance culture lacking.",ABSTAINED_INSUFFICIENT_EVIDENCE,0.0,0,
Grenada,GRD,institutional_analyst,D1,CONTRIBUTED,Evidence-backed recommendation provided.,,0.72,8,25.0
Grenada,GRD,institutional_analyst,D2,CONTRIBUTED,Evidence-backed recommendation provided.,,0.68,7,72.0
Grenada,GRD,institutional_analyst,D3,CONTRIBUTED,Evidence-backed recommendation provided.,,0.6,6,42.0
Grenada,GRD,institutional_analyst,D4,CONTRIBUTED,Evidence-backed recommendation provided.,,0.62,6,40.0
Grenada,GRD,historical_analyst,D1,CONTRIBUTED,Evidence-backed recommendation provided.,,0.7,6,65.0
Grenada,GRD,historical_analyst,D2,CONTRIBUTED,Evidence-backed recommendation provided.,,0.7,5,75.0
Grenada,GRD,historical_analyst,D3,CONTRIBUTED,Evidence-backed recommendation provided.,,0.65,5,45.0
Grenada,GRD,historical_analyst,D4,CONTRIBUTED,Evidence-backed recommendation provided.,,0.7,5,55.0
Kiribati,KIR,cultural_anthropologist,D1,CONTRIBUTED,Evidence-backed recommendation provided.,,0.8,3,20.0
Kiribati,KIR,cultural_anthropologist,D2,CONTRIBUTED,Evidence-backed recommendation provided.,,0.6,2,50.0
Kiribati,KIR,cultural_anthropologist,D3,CONTRIBUTED,Evidence-backed recommendation provided.,,0.7,2,70.0
Kiribati,KIR,cultural_anthropologist,D4,CONTRIBUTED,Evidence-backed recommendation provided.,,0.7,1,30.0
Kiribati,KIR,institutional_analyst,D1,CONTRIBUTED,Evidence-backed recommendation provided.,,0.88,10,8.0
Kiribati,KIR,institutional_analyst,D2,CONTRIBUTED,Evidence-backed recommendation provided.,,0.72,7,28.0
Kiribati,KIR,institutional_analyst,D3,CONTRIBUTED,Evidence-backed recommendation provided.,,0.62,7,42.0
Kiribati,KIR,institutional_analyst,D4,CONTRIBUTED,Evidence-backed recommendation provided.,,0.82,7,12.0
Kiribati,KIR,historical_analyst,D1,CONTRIBUTED,Evidence-backed recommendation provided.,,0.85,4,25.0
Kiribati,KIR,historical_analyst,D2,CONTRIBUTED,Evidence-backed recommendation provided.,,0.8,3,15.0
Kiribati,KIR,historical_analyst,D3,CONTRIBUTED,Evidence-backed recommendation provided.,,0.7,3,70.0
Kiribati,KIR,historical_analyst,D4,CONTRIBUTED,Evidence-backed recommendation provided.,,0.8,3,20.0
Saint Kitts and Nevis,KNA,cultural_anthropologist,D1,CONTRIBUTED,Evidence-backed recommendation provided.,,0.5,3,30.0
Saint Kitts and Nevis,KNA,cultural_anthropologist,D2,ABSTAINED,No ethnographic evidence located regarding emotional openness vs restraint or structural freedom of expression among Kittitians/Nevisians.,ABSTAINED_INSUFFICIENT_EVIDENCE,0.0,0,
Saint Kitts and Nevis,KNA,cultural_anthropologist,D3,CONTRIBUTED,Evidence-backed recommendation provided.,,0.7,2,60.0
Saint Kitts and Nevis,KNA,cultural_anthropologist,D4,CONTRIBUTED,Evidence-backed recommendation provided.,,0.5,1,40.0
Saint Kitts and Nevis,KNA,institutional_analyst,D1,CONTRIBUTED,Evidence-backed recommendation provided.,,0.62,11,38.0
Saint Kitts and Nevis,KNA,institutional_analyst,D2,CONTRIBUTED,Evidence-backed recommendation provided.,,0.58,9,54.0
Saint Kitts and Nevis,KNA,institutional_analyst,D3,CONTRIBUTED,Evidence-backed recommendation provided.,,0.64,9,63.0
Saint Kitts and Nevis,KNA,institutional_analyst,D4,CONTRIBUTED,Evidence-backed recommendation provided.,,0.57,7,41.0
Saint Kitts and Nevis,KNA,historical_analyst,D1,CONTRIBUTED,Evidence-backed recommendation provided.,,0.8,3,20.0
Saint Kitts and Nevis,KNA,historical_analyst,D2,CONTRIBUTED,Evidence-backed recommendation provided.,,0.7,3,65.0
Saint Kitts and Nevis,KNA,historical_analyst,D3,CONTRIBUTED,Evidence-backed recommendation provided.,,0.7,3,45.0
Saint Kitts and Nevis,KNA,historical_analyst,D4,CONTRIBUTED,Evidence-backed recommendation provided.,,0.7,3,55.0
Saint Lucia,LCA,cultural_anthropologist,D1,CONTRIBUTED,Evidence-backed recommendation provided.,,0.6,2,40.0
Saint Lucia,LCA,cultural_anthropologist,D2,ABSTAINED,No ethnographic or field‑based evidence available specific to emotional openness or suppression in Saint Lucian everyday life.,ABSTAINED_INSUFFICIENT_EVIDENCE,0.0,0,
Saint Lucia,LCA,cultural_anthropologist,D3,ABSTAINED,"No available evidence on everyday rule‑orientation, uncertainty avoidance, or daily predictability in Saint Lucia as lived practice (rather than institutional governance).",ABSTAINED_INSUFFICIENT_EVIDENCE,0.0,0,
Saint Lucia,LCA,cultural_anthropologist,D4,ABSTAINED,No direct ethnographic data on drive—achievement versus harmony—in lived experience in Saint Lucia was found.,ABSTAINED_INSUFFICIENT_EVIDENCE,0.0,0,
Saint Lucia,LCA,institutional_analyst,D1,CONTRIBUTED,Evidence-backed recommendation provided.,,0.72,9,22.0
Saint Lucia,LCA,institutional_analyst,D2,CONTRIBUTED,Evidence-backed recommendation provided.,,0.68,8,70.0
Saint Lucia,LCA,institutional_analyst,D3,CONTRIBUTED,Evidence-backed recommendation provided.,,0.62,7,38.0
Saint Lucia,LCA,institutional_analyst,D4,CONTRIBUTED,Evidence-backed recommendation provided.,,0.63,6,38.0
Saint Lucia,LCA,historical_analyst,D1,CONTRIBUTED,Evidence-backed recommendation provided.,,0.8,4,85.0
Saint Lucia,LCA,historical_analyst,D2,CONTRIBUTED,Evidence-backed recommendation provided.,,0.7,3,65.0
Saint Lucia,LCA,historical_analyst,D3,CONTRIBUTED,Evidence-backed recommendation provided.,,0.7,3,45.0
Saint Lucia,LCA,historical_analyst,D4,CONTRIBUTED,Evidence-backed recommendation provided.,,0.7,3,70.0
Marshall Islands,MHL,cultural_anthropologist,D1,CONTRIBUTED,Evidence-backed recommendation provided.,,0.8,2,20.0
Marshall Islands,MHL,cultural_anthropologist,D2,CONTRIBUTED,Evidence-backed recommendation provided.,,0.6,2,40.0
Marshall Islands,MHL,cultural_anthropologist,D3,CONTRIBUTED,Evidence-backed recommendation provided.,,0.85,2,80.0
Marshall Islands,MHL,cultural_anthropologist,D4,CONTRIBUTED,Evidence-backed recommendation provided.,,0.7,2,30.0
Marshall Islands,MHL,institutional_analyst,D1,CONTRIBUTED,Evidence-backed recommendation provided.,,0.87,13,12.0
Marshall Islands,MHL,institutional_analyst,D2,CONTRIBUTED,Evidence-backed recommendation provided.,,0.78,7,28.0
Marshall Islands,MHL,institutional_analyst,D3,CONTRIBUTED,Evidence-backed recommendation provided.,,0.63,7,42.0
Marshall Islands,MHL,institutional_analyst,D4,CONTRIBUTED,Evidence-backed recommendation provided.,,0.8,5,22.0
Marshall Islands,MHL,historical_analyst,D1,CONTRIBUTED,Evidence-backed recommendation provided.,,0.75,5,42.0
Marshall Islands,MHL,historical_analyst,D2,CONTRIBUTED,Evidence-backed recommendation provided.,,0.7,3,32.0
Marshall Islands,MHL,historical_analyst,D3,CONTRIBUTED,Evidence-backed recommendation provided.,,0.7,4,68.0
Marshall Islands,MHL,historical_analyst,D4,CONTRIBUTED,Evidence-backed recommendation provided.,,0.7,3,34.0
Mauritius,MUS,cultural_anthropologist,D1,CONTRIBUTED,Evidence-backed recommendation provided.,,0.7,3,35.0
Mauritius,MUS,cultural_anthropologist,D2,ABSTAINED,No clear ethnographic or lived-experience evidence found regarding emotional openness vs. restraint or hierarchical suppression of expression in Mauritius. Must abstain.,ABSTAINED_INSUFFICIENT_EVIDENCE,0.0,0,
Mauritius,MUS,cultural_anthropologist,D3,ABSTAINED,"No specific evidence found on psychological need for rules, order, predictability, or ambiguity tolerance relating to structure (D3). Governance or institutional observations do not count. Must abstain.",ABSTAINED_INSUFFICIENT_EVIDENCE,0.0,0,
Mauritius,MUS,cultural_anthropologist,D4,ABSTAINED,"No clear ethnographic or lived-experience evidence on achievement-orientation, competition, or harmony orientation—Drive dimension—for Mauritius. Must abstain.",ABSTAINED_INSUFFICIENT_EVIDENCE,0.0,0,
Mauritius,MUS,institutional_analyst,D1,CONTRIBUTED,Evidence-backed recommendation provided.,,0.72,12,33.0
Mauritius,MUS,institutional_analyst,D2,CONTRIBUTED,Evidence-backed recommendation provided.,,0.62,9,48.0
Mauritius,MUS,institutional_analyst,D3,CONTRIBUTED,Evidence-backed recommendation provided.,,0.65,9,62.0
Mauritius,MUS,institutional_analyst,D4,CONTRIBUTED,Evidence-backed recommendation provided.,,0.7,9,58.0
Mauritius,MUS,historical_analyst,D1,CONTRIBUTED,Evidence-backed recommendation provided.,,0.75,3,75.0
Mauritius,MUS,historical_analyst,D2,CONTRIBUTED,Evidence-backed recommendation provided.,,0.7,3,55.0
Mauritius,MUS,historical_analyst,D3,CONTRIBUTED,Evidence-backed recommendation provided.,,0.8,3,65.0
Mauritius,MUS,historical_analyst,D4,CONTRIBUTED,Evidence-backed recommendation provided.,,0.8,3,70.0
Nauru,NRU,cultural_anthropologist,D1,CONTRIBUTED,Evidence-backed recommendation provided.,,0.8,3,20.0
Nauru,NRU,cultural_anthropologist,D2,ABSTAINED,No available evidence enables assessment of emotional expressiveness or structural suppression of emotional display in lived social practice among Nauruans.,ABSTAINED_INSUFFICIENT_EVIDENCE,0.1,0,50.0
Nauru,NRU,cultural_anthropologist,D3,CONTRIBUTED,Evidence-backed recommendation provided.,,0.7,2,60.0
Nauru,NRU,cultural_anthropologist,D4,CONTRIBUTED,Evidence-backed recommendation provided.,,0.7,2,40.0
Nauru,NRU,institutional_analyst,D1,CONTRIBUTED,Evidence-backed recommendation provided.,,0.82,12,18.0
Nauru,NRU,institutional_analyst,D2,CONTRIBUTED,Evidence-backed recommendation provided.,,0.65,8,58.0
Nauru,NRU,institutional_analyst,D3,CONTRIBUTED,Evidence-backed recommendation provided.,,0.62,8,35.0
Nauru,NRU,institutional_analyst,D4,CONTRIBUTED,Evidence-backed recommendation provided.,,0.76,7,25.0
Nauru,NRU,historical_analyst,D1,CONTRIBUTED,Evidence-backed recommendation provided.,,0.65,2,78.0
Nauru,NRU,historical_analyst,D2,CONTRIBUTED,Evidence-backed recommendation provided.,,0.6,2,62.0
Nauru,NRU,historical_analyst,D3,CONTRIBUTED,Evidence-backed recommendation provided.,,0.7,2,35.0
Nauru,NRU,historical_analyst,D4,CONTRIBUTED,Evidence-backed recommendation provided.,,0.7,2,28.0
Palau,PLW,cultural_anthropologist,D1,CONTRIBUTED,Evidence-backed recommendation provided.,,0.85,3,15.0
Palau,PLW,cultural_anthropologist,D2,ABSTAINED,No direct ethnographic evidence yet found on emotional expression norms in Palau distinguishing open vs. restrained.,ABSTAINED_INSUFFICIENT_EVIDENCE,0.0,0,
Palau,PLW,cultural_anthropologist,D3,CONTRIBUTED,Evidence-backed recommendation provided.,,0.8,3,40.0
Palau,PLW,cultural_anthropologist,D4,CONTRIBUTED,Evidence-backed recommendation provided.,,0.75,3,60.0
Palau,PLW,institutional_analyst,D1,CONTRIBUTED,Evidence-backed recommendation provided.,,0.82,11,18.0
Palau,PLW,institutional_analyst,D2,CONTRIBUTED,Evidence-backed recommendation provided.,,0.68,8,32.0
Palau,PLW,institutional_analyst,D3,CONTRIBUTED,Evidence-backed recommendation provided.,,0.63,7,42.0
Palau,PLW,institutional_analyst,D4,CONTRIBUTED,Evidence-backed recommendation provided.,,0.72,6,28.0
Palau,PLW,historical_analyst,D1,CONTRIBUTED,Evidence-backed recommendation provided.,,0.85,4,15.0
Palau,PLW,historical_analyst,D2,CONTRIBUTED,Evidence-backed recommendation provided.,,0.8,3,25.0
Palau,PLW,historical_analyst,D3,CONTRIBUTED,Evidence-backed recommendation provided.,,0.75,3,60.0
Palau,PLW,historical_analyst,D4,CONTRIBUTED,Evidence-backed recommendation provided.,,0.7,3,40.0
Paraguay,PRY,cultural_anthropologist,D1,CONTRIBUTED,Evidence-backed recommendation provided.,,0.75,2,23.0
Paraguay,PRY,cultural_anthropologist,D2,CONTRIBUTED,Evidence-backed recommendation provided.,,0.7,2,35.0
Paraguay,PRY,cultural_anthropologist,D3,ABSTAINED,Abstained: no citable evidence for this dimension.,ABSTAINED_INSUFFICIENT_EVIDENCE,0.0,0,
Paraguay,PRY,cultural_anthropologist,D4,CONTRIBUTED,Evidence-backed recommendation provided.,,0.65,1,40.0
Paraguay,PRY,institutional_analyst,D1,CONTRIBUTED,Evidence-backed recommendation provided.,,0.75,10,18.0
Paraguay,PRY,institutional_analyst,D2,CONTRIBUTED,Evidence-backed recommendation provided.,,0.65,7,42.0
Paraguay,PRY,institutional_analyst,D3,CONTRIBUTED,Evidence-backed recommendation provided.,,0.7,7,72.0
Paraguay,PRY,institutional_analyst,D4,CONTRIBUTED,Evidence-backed recommendation provided.,,0.68,6,35.0
Paraguay,PRY,historical_analyst,D1,CONTRIBUTED,Evidence-backed recommendation provided.,,0.85,4,20.0
Paraguay,PRY,historical_analyst,D2,CONTRIBUTED,Evidence-backed recommendation provided.,,0.8,4,35.0
Paraguay,PRY,historical_analyst,D3,CONTRIBUTED,Evidence-backed recommendation provided.,,0.75,4,55.0
Paraguay,PRY,historical_analyst,D4,CONTRIBUTED,Evidence-backed recommendation provided.,,0.8,4,30.0
Solomon Islands,SLB,cultural_anthropologist,D1,CONTRIBUTED,Evidence-backed recommendation provided.,,0.9,3,10.0
Solomon Islands,SLB,cultural_anthropologist,D2,ABSTAINED,I found insufficient direct evidence on emotional expression freedom or restraint in Solomon Islands lived practice. Reservation and emotional display norms were not clearly documented in the ethnographic sources accessed.,ABSTAINED_INSUFFICIENT_EVIDENCE,0.3,0,
Solomon Islands,SLB,cultural_anthropologist,D3,ABSTAINED,No clear evidence found on psychological need for certainty or discomfort with ambiguity in everyday behavior; formal institutional rule‐orientation vs fluid norms not well covered in available ethnographic summaries.,ABSTAINED_INSUFFICIENT_EVIDENCE,0.3,0,
Solomon Islands,SLB,cultural_anthropologist,D4,ABSTAINED,"Evidence on achievement‐orientation, competition vs harmony not adequately surfaced in the reviewed sources; focus lay elsewhere e.g. kinship, hospitality, identity.",ABSTAINED_INSUFFICIENT_EVIDENCE,0.3,0,
Solomon Islands,SLB,institutional_analyst,D1,CONTRIBUTED,Evidence-backed recommendation provided.,,0.87,9,12.0
Solomon Islands,SLB,institutional_analyst,D2,CONTRIBUTED,Evidence-backed recommendation provided.,,0.72,7,38.0
Solomon Islands,SLB,institutional_analyst,D3,CONTRIBUTED,Evidence-backed recommendation provided.,,0.65,6,55.0
Solomon Islands,SLB,institutional_analyst,D4,CONTRIBUTED,Evidence-backed recommendation provided.,,0.74,6,28.0
Solomon Islands,SLB,historical_analyst,D1,CONTRIBUTED,Evidence-backed recommendation provided.,,0.85,4,25.0
Solomon Islands,SLB,historical_analyst,D2,CONTRIBUTED,Evidence-backed recommendation provided.,,0.8,4,30.0
Solomon Islands,SLB,historical_analyst,D3,CONTRIBUTED,Evidence-backed recommendation provided.,,0.7,4,70.0
Solomon Islands,SLB,historical_analyst,D4,CONTRIBUTED,Evidence-backed recommendation provided.,,0.75,4,20.0
Sao Tome and Principe,STP,cultural_anthropologist,D1,CONTRIBUTED,Evidence-backed recommendation provided.,,0.7,2,30.0
Sao Tome and Principe,STP,cultural_anthropologist,D2,ABSTAINED,Insufficient ethnographic evidence on emotional openness versus suppression or hierarchical constraints in everyday social life was found.,ABSTAINED_INSUFFICIENT_EVIDENCE,0.1,0,
Sao Tome and Principe,STP,cultural_anthropologist,D3,ABSTAINED,"No clear evidence on cultural preference for order, predictability, or discomfort with ambiguity beyond institutional settings was located in ethnographic sources; governance issues reflect state capacity rather than psychological need for structure.",ABSTAINED_INSUFFICIENT_EVIDENCE,0.1,0,
Sao Tome and Principe,STP,cultural_anthropologist,D4,ABSTAINED,No reliable ethnographic or anthropological insight into whether the culture privileges achievement and competition versus harmony and relational acceptance was found.,ABSTAINED_INSUFFICIENT_EVIDENCE,0.1,0,
Sao Tome and Principe,STP,institutional_analyst,D1,CONTRIBUTED,Evidence-backed recommendation provided.,,0.72,9,28.0
Sao Tome and Principe,STP,institutional_analyst,D2,CONTRIBUTED,Evidence-backed recommendation provided.,,0.65,8,68.0
Sao Tome and Principe,STP,institutional_analyst,D3,CONTRIBUTED,Evidence-backed recommendation provided.,,0.7,7,35.0
Sao Tome and Principe,STP,institutional_analyst,D4,CONTRIBUTED,Evidence-backed recommendation provided.,,0.63,6,33.0
Sao Tome and Principe,STP,historical_analyst,D1,CONTRIBUTED,Evidence-backed recommendation provided.,,0.7,3,50.0
Sao Tome and Principe,STP,historical_analyst,D2,CONTRIBUTED,Evidence-backed recommendation provided.,,0.65,3,65.0
Sao Tome and Principe,STP,historical_analyst,D3,CONTRIBUTED,Evidence-backed recommendation provided.,,0.7,3,30.0
Sao Tome and Principe,STP,historical_analyst,D4,CONTRIBUTED,Evidence-backed recommendation provided.,,0.75,3,35.0
Eswatini,SWZ,cultural_anthropologist,D1,CONTRIBUTED,Evidence-backed recommendation provided.,,0.8,3,20.0
Eswatini,SWZ,cultural_anthropologist,D2,CONTRIBUTED,Evidence-backed recommendation provided.,,0.5,1,30.0
Eswatini,SWZ,cultural_anthropologist,D3,CONTRIBUTED,Evidence-backed recommendation provided.,,0.9,2,80.0
Eswatini,SWZ,cultural_anthropologist,D4,CONTRIBUTED,Evidence-backed recommendation provided.,,0.6,2,40.0
Eswatini,SWZ,institutional_analyst,D1,CONTRIBUTED,Evidence-backed recommendation provided.,,0.82,10,14.0
Eswatini,SWZ,institutional_analyst,D2,CONTRIBUTED,Evidence-backed recommendation provided.,,0.7,7,32.0
Eswatini,SWZ,institutional_analyst,D3,CONTRIBUTED,Evidence-backed recommendation provided.,,0.72,8,72.0
Eswatini,SWZ,institutional_analyst,D4,CONTRIBUTED,Evidence-backed recommendation provided.,,0.65,5,30.0
Eswatini,SWZ,historical_analyst,D1,CONTRIBUTED,Evidence-backed recommendation provided.,,0.85,3,25.0
Eswatini,SWZ,historical_analyst,D2,CONTRIBUTED,Evidence-backed recommendation provided.,,0.8,3,25.0
Eswatini,SWZ,historical_analyst,D3,CONTRIBUTED,Evidence-backed recommendation provided.,,0.75,3,70.0
Eswatini,SWZ,historical_analyst,D4,CONTRIBUTED,Evidence-backed recommendation provided.,,0.7,3,35.0
Seychelles,SYC,cultural_anthropologist,D1,CONTRIBUTED,Evidence-backed recommendation provided.,,0.75,3,40.0
Seychelles,SYC,cultural_anthropologist,D2,CONTRIBUTED,Evidence-backed recommendation provided.,,0.7,2,60.0
Seychelles,SYC,cultural_anthropologist,D3,CONTRIBUTED,Evidence-backed recommendation provided.,,0.65,2,50.0
Seychelles,SYC,cultural_anthropologist,D4,CONTRIBUTED,Evidence-backed recommendation provided.,,0.7,2,45.0
Seychelles,SYC,institutional_analyst,D1,CONTRIBUTED,Evidence-backed recommendation provided.,,0.72,10,28.0
Seychelles,SYC,institutional_analyst,D2,CONTRIBUTED,Evidence-backed recommendation provided.,,0.65,8,58.0
Seychelles,SYC,institutional_analyst,D3,CONTRIBUTED,Evidence-backed recommendation provided.,,0.73,8,32.0
Seychelles,SYC,institutional_analyst,D4,CONTRIBUTED,Evidence-backed recommendation provided.,,0.66,8,38.0
Seychelles,SYC,historical_analyst,D1,CONTRIBUTED,Evidence-backed recommendation provided.,,0.75,4,35.0
Seychelles,SYC,historical_analyst,D2,CONTRIBUTED,Evidence-backed recommendation provided.,,0.7,3,60.0
Seychelles,SYC,historical_analyst,D3,CONTRIBUTED,Evidence-backed recommendation provided.,,0.8,4,25.0
Seychelles,SYC,historical_analyst,D4,CONTRIBUTED,Evidence-backed recommendation provided.,,0.7,3,30.0
Timor-Leste,TLS,cultural_anthropologist,D1,CONTRIBUTED,Evidence-backed recommendation provided.,,0.8,3,20.0
Timor-Leste,TLS,cultural_anthropologist,D2,ABSTAINED,No strong ethnographic evidence located concerning emotional expressiveness versus suppression in everyday interpersonal contexts to assess openness versus restraint (D2).,ABSTAINED_INSUFFICIENT_EVIDENCE,0.2,0,
Timor-Leste,TLS,cultural_anthropologist,D3,ABSTAINED,"No specific evidence about psychological tolerance of ambiguity, rule‑following or planning norms (Structure) was found in ethnographic or daily‑life literature.",ABSTAINED_INSUFFICIENT_EVIDENCE,0.2,0,
Timor-Leste,TLS,cultural_anthropologist,D4,ABSTAINED,Evidence on achievement‑orientation vs. harmony in lived experience contexts is lacking; thus unable to assess drive dimension.,ABSTAINED_INSUFFICIENT_EVIDENCE,0.2,0,
Timor-Leste,TLS,institutional_analyst,D1,CONTRIBUTED,Evidence-backed recommendation provided.,,0.85,10,14.0
Timor-Leste,TLS,institutional_analyst,D2,CONTRIBUTED,Evidence-backed recommendation provided.,,0.75,7,35.0
Timor-Leste,TLS,institutional_analyst,D3,CONTRIBUTED,Evidence-backed recommendation provided.,,0.72,8,72.0
Timor-Leste,TLS,institutional_analyst,D4,CONTRIBUTED,Evidence-backed recommendation provided.,,0.68,7,28.0
Timor-Leste,TLS,historical_analyst,D1,CONTRIBUTED,Evidence-backed recommendation provided.,,0.8,4,30.0
Timor-Leste,TLS,historical_analyst,D2,CONTRIBUTED,Evidence-backed recommendation provided.,,0.7,3,75.0
Timor-Leste,TLS,historical_analyst,D3,CONTRIBUTED,Evidence-backed recommendation provided.,,0.8,3,25.0
Timor-Leste,TLS,historical_analyst,D4,CONTRIBUTED,Evidence-backed recommendation provided.,,0.7,3,35.0
Tonga,TON,cultural_anthropologist,D1,CONTRIBUTED,Evidence-backed recommendation provided.,,0.85,3,20.0
Tonga,TON,cultural_anthropologist,D2,CONTRIBUTED,Evidence-backed recommendation provided.,,0.8,3,30.0
Tonga,TON,cultural_anthropologist,D3,CONTRIBUTED,Evidence-backed recommendation provided.,,0.85,3,70.0
Tonga,TON,cultural_anthropologist,D4,CONTRIBUTED,Evidence-backed recommendation provided.,,0.75,2,40.0
Tonga,TON,institutional_analyst,D1,CONTRIBUTED,Evidence-backed recommendation provided.,,0.88,11,10.0
Tonga,TON,institutional_analyst,D2,CONTRIBUTED,Evidence-backed recommendation provided.,,0.78,8,28.0
Tonga,TON,institutional_analyst,D3,CONTRIBUTED,Evidence-backed recommendation provided.,,0.82,8,78.0
Tonga,TON,institutional_analyst,D4,CONTRIBUTED,Evidence-backed recommendation provided.,,0.7,6,30.0
Tonga,TON,historical_analyst,D1,CONTRIBUTED,Evidence-backed recommendation provided.,,0.8,5,70.0
Tonga,TON,historical_analyst,D2,CONTRIBUTED,Evidence-backed recommendation provided.,,0.8,5,40.0
Tonga,TON,historical_analyst,D3,CONTRIBUTED,Evidence-backed recommendation provided.,,0.8,5,75.0
Tonga,TON,historical_analyst,D4,CONTRIBUTED,Evidence-backed recommendation provided.,,0.7,5,55.0
Tuvalu,TUV,cultural_anthropologist,D1,CONTRIBUTED,Evidence-backed recommendation provided.,,0.8,1,25.0
Tuvalu,TUV,cultural_anthropologist,D2,CONTRIBUTED,Evidence-backed recommendation provided.,,0.7,2,60.0
Tuvalu,TUV,cultural_anthropologist,D3,CONTRIBUTED,Evidence-backed recommendation provided.,,0.75,1,65.0
Tuvalu,TUV,cultural_anthropologist,D4,CONTRIBUTED,Evidence-backed recommendation provided.,,0.7,1,30.0
Tuvalu,TUV,institutional_analyst,D1,CONTRIBUTED,Evidence-backed recommendation provided.,,0.82,12,12.0
Tuvalu,TUV,institutional_analyst,D2,CONTRIBUTED,Evidence-backed recommendation provided.,,0.65,8,62.0
Tuvalu,TUV,institutional_analyst,D3,CONTRIBUTED,Evidence-backed recommendation provided.,,0.7,8,72.0
Tuvalu,TUV,institutional_analyst,D4,CONTRIBUTED,Evidence-backed recommendation provided.,,0.72,8,28.0
Tuvalu,TUV,historical_analyst,D1,CONTRIBUTED,Evidence-backed recommendation provided.,,0.85,4,25.0
Tuvalu,TUV,historical_analyst,D2,CONTRIBUTED,Evidence-backed recommendation provided.,,0.75,3,30.0
Tuvalu,TUV,historical_analyst,D3,CONTRIBUTED,Evidence-backed recommendation provided.,,0.7,3,35.0
Tuvalu,TUV,historical_analyst,D4,CONTRIBUTED,Evidence-backed recommendation provided.,,0.8,3,25.0
Saint Vincent and the Grenadines,VCT,cultural_anthropologist,D1,CONTRIBUTED,Evidence-backed recommendation provided.,,0.6,2,60.0
Saint Vincent and the Grenadines,VCT,cultural_anthropologist,D2,CONTRIBUTED,Evidence-backed recommendation provided.,,0.6,1,50.0
Saint Vincent and the Grenadines,VCT,cultural_anthropologist,D3,CONTRIBUTED,Evidence-backed recommendation provided.,,0.6,1,40.0
Saint Vincent and the Grenadines,VCT,cultural_anthropologist,D4,CONTRIBUTED,Evidence-backed recommendation provided.,,0.6,1,45.0
Saint Vincent and the Grenadines,VCT,institutional_analyst,D1,CONTRIBUTED,Evidence-backed recommendation provided.,,0.72,9,33.0
Saint Vincent and the Grenadines,VCT,institutional_analyst,D2,CONTRIBUTED,Evidence-backed recommendation provided.,,0.68,8,68.0
Saint Vincent and the Grenadines,VCT,institutional_analyst,D3,CONTRIBUTED,Evidence-backed recommendation provided.,,0.62,8,55.0
Saint Vincent and the Grenadines,VCT,institutional_analyst,D4,CONTRIBUTED,Evidence-backed recommendation provided.,,0.65,6,38.0
Saint Vincent and the Grenadines,VCT,historical_analyst,D1,CONTRIBUTED,Evidence-backed recommendation provided.,,0.8,3,25.0
Saint Vincent and the Grenadines,VCT,historical_analyst,D2,CONTRIBUTED,Evidence-backed recommendation provided.,,0.7,3,40.0
Saint Vincent and the Grenadines,VCT,historical_analyst,D3,CONTRIBUTED,Evidence-backed recommendation provided.,,0.7,4,55.0
Saint Vincent and the Grenadines,VCT,historical_analyst,D4,CONTRIBUTED,Evidence-backed recommendation provided.,,0.6,3,50.0
Vanuatu,VUT,cultural_anthropologist,D1,CONTRIBUTED,Evidence-backed recommendation provided.,,0.8,3,30.0
Vanuatu,VUT,cultural_anthropologist,D2,CONTRIBUTED,Evidence-backed recommendation provided.,,0.7,3,60.0
Vanuatu,VUT,cultural_anthropologist,D3,CONTRIBUTED,Evidence-backed recommendation provided.,,0.7,2,40.0
Vanuatu,VUT,cultural_anthropologist,D4,CONTRIBUTED,Evidence-backed recommendation provided.,,0.75,1,35.0
Vanuatu,VUT,institutional_analyst,D1,CONTRIBUTED,Evidence-backed recommendation provided.,,0.82,11,12.0
Vanuatu,VUT,institutional_analyst,D2,CONTRIBUTED,Evidence-backed recommendation provided.,,0.7,8,35.0
Vanuatu,VUT,institutional_analyst,D3,CONTRIBUTED,Evidence-backed recommendation provided.,,0.68,8,38.0
Vanuatu,VUT,institutional_analyst,D4,CONTRIBUTED,Evidence-backed recommendation provided.,,0.78,7,22.0
Vanuatu,VUT,historical_analyst,D1,CONTRIBUTED,Evidence-backed recommendation provided.,,0.75,3,22.0
Vanuatu,VUT,historical_analyst,D2,CONTRIBUTED,Evidence-backed recommendation provided.,,0.6,3,45.0
Vanuatu,VUT,historical_analyst,D3,CONTRIBUTED,Evidence-backed recommendation provided.,,0.7,4,28.0
Vanuatu,VUT,historical_analyst,D4,CONTRIBUTED,Evidence-backed recommendation provided.,,0.7,3,18.0
Samoa,WSM,cultural_anthropologist,D1,CONTRIBUTED,Evidence-backed recommendation provided.,,0.85,3,20.0
Samoa,WSM,cultural_anthropologist,D2,CONTRIBUTED,Evidence-backed recommendation provided.,,0.7,2,40.0
Samoa,WSM,cultural_anthropologist,D3,CONTRIBUTED,Evidence-backed recommendation provided.,,0.8,2,80.0
Samoa,WSM,cultural_anthropologist,D4,CONTRIBUTED,Evidence-backed recommendation provided.,,0.75,2,30.0
Samoa,WSM,institutional_analyst,D1,CONTRIBUTED,Evidence-backed recommendation provided.,,0.88,12,10.0
Samoa,WSM,institutional_analyst,D2,CONTRIBUTED,Evidence-backed recommendation provided.,,0.74,7,38.0
Samoa,WSM,institutional_analyst,D3,CONTRIBUTED,Evidence-backed recommendation provided.,,0.8,8,78.0
Samoa,WSM,institutional_analyst,D4,CONTRIBUTED,Evidence-backed recommendation provided.,,0.68,6,42.0
Samoa,WSM,historical_analyst,D1,CONTRIBUTED,Evidence-backed recommendation provided.,,0.8,4,30.0
Samoa,WSM,historical_analyst,D2,CONTRIBUTED,Evidence-backed recommendation provided.,,0.7,3,35.0
Samoa,WSM,historical_analyst,D3,CONTRIBUTED,Evidence-backed recommendation provided.,,0.7,3,70.0
Samoa,WSM,historical_analyst,D4,CONTRIBUTED,Evidence-backed recommendation provided.,,0.6,3,45.0
